Class,Event,Individuals/event,National Reference,Species (scientific),Species (common),Species Uncertain,Date Found,Date Certainty,Year,Location,Local Authority,Region,Country,Grid Ref,Easting,Northing,Latitude,Longitude,Sex,Length,Length Uncertain,Stranding Type,Condition Found / Stranding Outcome,Sent for PM,PM Number,Cause of Death,Cause of Death Category,Cause of Death Class,Edited Nat. Ref.
Cetacean,Multiple,3,SW1991/102c,Phocoena phocoena,Harbour porpoise,FALSE,8/23/91,exact,1991,Aberporth,Ceredigion,West coast,Wales,SN259515,225900,251500,,,U,N/A,TRUE,dead stranded,unknown,FALSE,,,,,SW1991/102
Cetacean,Multiple,3,SW1991/102d,Phocoena phocoena,Harbour porpoise,FALSE,8/23/91,exact,1991,Aberporth,Ceredigion,West coast,Wales,SN259515,225900,251500,,,U,N/A,TRUE,dead stranded,unknown,FALSE,,,,,SW1991/102
Cetacean,Multiple,3,SW1991/102e,Phocoena phocoena,Harbour porpoise,FALSE,8/23/91,exact,1991,Aberporth,Ceredigion,West coast,Wales,SN259515,225900,251500,,,U,N/A,TRUE,dead stranded,unknown,FALSE,,,,,SW1991/102
Cetacean,Multiple,3,SW1991/160.1,Lagenorhynchus acutus,Atlantic white-sided dolphin,TRUE,11/19/91,exact,1991,"St. Peters Pool, Deerness, Mainland.",Orkney ,Orkney,Scotland,HY 541 041,354100,1004100,58.92222222,-2.798055556,M,240,FALSE,dead stranded,freshly dead (code 2a),FALSE,,,,,SW1991/160
Cetacean,Multiple,3,SW1991/160.2,Lagenorhynchus acutus,Atlantic white-sided dolphin,TRUE,11/19/91,exact,1991,"St. Peters Pool, Deerness, Mainland.",Orkney ,Orkney,Scotland,HY 541 041,354100,1004100,58.92222222,-2.798055556,F,205,FALSE,dead stranded,freshly dead (code 2a),FALSE,,,,,SW1991/160
Cetacean,Multiple,3,SW1991/160.3,Lagenorhynchus acutus,Atlantic white-sided dolphin,TRUE,11/19/91,exact,1991,"St. Peters Pool, Deerness, Mainland.",Orkney ,Orkney,Scotland,HY 541 041,354100,1004100,58.92222222,-2.798055556,F,204,FALSE,dead stranded,freshly dead (code 2a),FALSE,,,,,SW1991/160
Cetacean,Multiple,3,SW1991/86.1,Unknown,Cetacean (indeterminate species),TRUE,7/14/91,plus/minus 2 weeks,1991,Llanstephan (nr Carmarthen),Carmarthenshire,West coast,Wales,SN35001100,235000,211000,51.7728656,-4.391784834,U,N/A,TRUE,dead stranded,unknown,FALSE,,,,,SW1991/86
Cetacean,Multiple,3,SW1991/86.2,Unknown,Cetacean (indeterminate species),TRUE,7/14/91,plus/minus 2 weeks,1991,Llanstephan (nr Carmarthen),Carmarthenshire,West coast,Wales,SN35001101,235000,211010,51.77295544,-4.391789586,U,N/A,TRUE,dead stranded,unknown,FALSE,,,,,SW1991/86
Cetacean,Multiple,3,SW1991/86.3,Unknown,Cetacean (indeterminate species),TRUE,7/14/91,plus/minus 2 weeks,1991,Llanstephan (nr Carmarthen),Carmarthenshire,West coast,Wales,SN35011100,235010,211000,51.77286854,-4.391640014,U,N/A,TRUE,dead stranded,unknown,FALSE,,,,,SW1991/86
Cetacean,Multiple,3,SW1992/48a.1,Unknown,Dolphin (indeterminate species),TRUE,3/6/92,exact,1992,"Top Tieb harbour, Marazion",Cornwall,South-west,England,SW52003044,152000,30440,50.12150479,-5.469904683,U,199,FALSE,dead stranded,moderate-advanced decomposition (code 3-4),FALSE,,,,,SW1992/48a
Cetacean,Multiple,3,SW1992/48a.2,Unknown,Dolphin (indeterminate species),TRUE,3/6/92,exact,1992,"Top Tieb harbour, Marazion",Cornwall,South-west,England,SW52013044,152010,30440,50.12150896,-5.46976504,U,197,FALSE,dead stranded,moderate-advanced decomposition (code 3-4),FALSE,,,,,SW1992/48a
Cetacean,Multiple,3,SW1992/48a.3,Unknown,Dolphin (indeterminate species),TRUE,3/6/92,exact,1992,"Top Tieb harbour, Marazion",Cornwall,South-west,England,SW52013045,152010,30450,50.12159874,-5.469771537,U,N/A,TRUE,dead stranded,moderate-advanced decomposition (code 3-4),FALSE,,,,,SW1992/48a
Cetacean,Multiple,5,SW1992/58.1,Unknown,Dolphin (indeterminate species),TRUE,3/11/92,exact,1992,Perranuthnoe,Cornwall,South-west,England,SW54212892,154210,28920,50.10877675,-5.438064087,U,N/A,TRUE,dead stranded,moderate-advanced decomposition (code 3-4),FALSE,,,,,SW1992/58
Cetacean,Multiple,5,SW1992/58.2,Unknown,Dolphin (indeterminate species),TRUE,3/11/92,exact,1992,Perranuthnoe,Cornwall,South-west,England,SW54222892,154220,28920,50.10878089,-5.437924476,U,N/A,TRUE,dead stranded,moderate-advanced decomposition (code 3-4),FALSE,,,,,SW1992/58
Cetacean,Multiple,5,SW1992/58.3,Unknown,Dolphin (indeterminate species),TRUE,3/11/92,exact,1992,Perranuthnoe,Cornwall,South-west,England,SW54222893,154220,28930,50.10887067,-5.437930911,U,N/A,TRUE,dead stranded,moderate-advanced decomposition (code 3-4),FALSE,,,,,SW1992/58
Cetacean,Multiple,5,SW1992/58.4,Unknown,Dolphin (indeterminate species),TRUE,3/11/92,exact,1992,Perranuthnoe,Cornwall,South-west,England,SW54202892,154200,28920,50.10877261,-5.438203698,U,N/A,TRUE,dead stranded,moderate-advanced decomposition (code 3-4),FALSE,,,,,SW1992/58
Cetacean,Multiple,5,SW1992/58.5,Unknown,Dolphin (indeterminate species),TRUE,3/11/92,exact,1992,Perranuthnoe,Cornwall,South-west,England,SW54202891,154200,28910,50.10868282,-5.438197262,U,N/A,TRUE,dead stranded,moderate-advanced decomposition (code 3-4),FALSE,,,,,SW1992/58
Cetacean,Multiple,5,SW1992/58a.1,Unknown,Dolphin (indeterminate species),TRUE,3/11/92,exact,1992,St Michael's Mount,Cornwall,South-west,England,SW51432967,151430,29670,50.11435328,-5.47736293,U,172,TRUE,dead stranded,moderate-advanced decomposition (code 3-4),FALSE,,,,,SW1992/58a
Cetacean,Multiple,5,SW1992/58a.2,Unknown,Dolphin (indeterminate species),TRUE,3/11/92,exact,1992,St Michael's Mount,Cornwall,South-west,England,SW51442967,151440,29670,50.11435746,-5.477223308,U,172,TRUE,dead stranded,moderate decomposition (code 3),FALSE,,,,,SW1992/58a
Cetacean,Multiple,5,SW1992/58a.3,Unknown,Dolphin (indeterminate species),TRUE,3/11/92,exact,1992,St Michael's Mount,Cornwall,South-west,England,SW51442968,151440,29680,50.11444724,-5.477229818,U,172,TRUE,dead stranded,moderate decomposition (code 3),FALSE,,,,,SW1992/58a
Cetacean,Multiple,5,SW1992/58a.4,Unknown,Dolphin (indeterminate species),TRUE,3/11/92,exact,1992,St Michael's Mount,Cornwall,South-west,England,SW51272999,151270,29990,50.11715925,-5.47980535,U,172,TRUE,dead stranded,moderate decomposition (code 3),FALSE,,,,,SW1992/58a
Cetacean,Multiple,5,SW1992/58a.5,Unknown,Dolphin (indeterminate species),TRUE,3/11/92,exact,1992,St Michael's Mount,Cornwall,South-west,England,SW51282999,151280,29990,50.11716344,-5.47966572,U,172,TRUE,dead stranded,moderate-advanced decomposition (code 3-4),FALSE,,,,,SW1992/58a
Cetacean,Multiple,3,SW1996/171a.1,Lagenorhynchus acutus,Atlantic white-sided dolphin,FALSE,11/24/96,exact,1996,South Burray,Orkney ,Orkney,Scotland,ND45109510,345100,995100,58.84023408,-2.95128561,F,218,FALSE,dead stranded,moderate-advanced decomposition (code 3-4),FALSE,,,,,SW1996/171a
Cetacean,Multiple,3,SW1996/171a.2,Lagenorhynchus acutus,Atlantic white-sided dolphin,FALSE,11/24/96,exact,1996,South Burray,Orkney ,Orkney,Scotland,ND45109510,345100,995100,58.84023408,-2.95128561,F,234,FALSE,dead stranded,moderate-advanced decomposition (code 3-4),FALSE,,,,,SW1996/171a
Cetacean,Multiple,3,SW1996/171a.3,Lagenorhynchus acutus,Atlantic white-sided dolphin,FALSE,11/24/96,exact,1996,South Burray,Orkney ,Orkney,Scotland,ND45109510,345100,995100,58.84023408,-2.95128561,F,220,FALSE,dead stranded,moderate-advanced decomposition (code 3-4),FALSE,,,,,SW1996/171a
Cetacean,Multiple,3,SW1997/134.1,Phocoena phocoena,Harbour porpoise,FALSE,8/7/97,exact,1997,Silloth (west beach),Cumbria,West coast,England,NY10005300,310000,553000,54.86358674,-3.402371335,U,61,FALSE,dead stranded,moderate-advanced decomposition (code 3-4),FALSE,,,,,SW1997/134
Cetacean,Multiple,3,SW1997/134.2,Phocoena phocoena,Harbour porpoise,FALSE,8/7/97,exact,1997,Silloth (west beach),Cumbria,West coast,England,NY10005300,310000,553000,54.86358674,-3.402371335,U,122,FALSE,dead stranded,moderate decomposition (code 3),FALSE,,,,,SW1997/134
Cetacean,Multiple,3,SW1997/167.1,Phocoena phocoena,Harbour porpoise,FALSE,11/10/97,exact,1997,Abersoch,Gwynedd,West coast,Wales,SH31702800,231700,328000,52.82288646,-4.498053909,M,150,TRUE,dead stranded,moderate decomposition (code 3),FALSE,,,,,SW1997/167
Cetacean,Multiple,3,SW1997/167.2,Phocoena phocoena,Harbour porpoise,FALSE,11/10/97,exact,1997,Abersoch,Gwynedd,West coast,Wales,SH31702800,231700,328000,52.82288646,-4.498053909,U,120,TRUE,dead stranded,moderate decomposition (code 3),FALSE,,,,,SW1997/167
Cetacean,Multiple,3,SW1997/169.1,Phocoena phocoena,Harbour porpoise,FALSE,11/10/97,exact,1997,Tywyn,Gwynedd,West coast,Wales,SN58509850,258500,298500,52.56554141,-4.087893618,M,128,FALSE,dead stranded,moderate decomposition (code 3),FALSE,,,,,SW1997/169
Cetacean,Multiple,3,SW1997/169.2,Phocoena phocoena,Harbour porpoise,FALSE,11/10/97,exact,1997,Tywyn,Gwynedd,West coast,Wales,SN58309910,258300,299100,52.57088028,-4.091099074,M,142,FALSE,dead stranded,moderate decomposition (code 3),FALSE,,,,,SW1997/169
Cetacean,Multiple,5,SW2000/114b.1,Phocoena phocoena,Harbour porpoise,FALSE,6/21/00,exact,2000,LLwyngwril,Gwynedd,West coast,Wales,SH57800870,257800,308700,52.65700346,-4.102601976,U,N/A,TRUE,dead stranded,unknown,FALSE,,,,,SW2000/114b
Cetacean,Multiple,5,SW2000/114b.2,Phocoena phocoena,Harbour porpoise,FALSE,6/21/00,exact,2000,LLwyngwril,Gwynedd,West coast,Wales,SH57800870,257800,308700,52.65700346,-4.102601976,U,75,TRUE,dead stranded,advanced decomposition (code 4),FALSE,,,,,SW2000/114b
Cetacean,Multiple,5,SW2000/114b.3,Phocoena phocoena,Harbour porpoise,FALSE,6/21/00,exact,2000,LLwyngwril,Gwynedd,West coast,Wales,SH57800870,257800,308700,52.65700346,-4.102601976,U,N/A,TRUE,dead stranded,unknown,FALSE,,,,,SW2000/114b
Cetacean,Multiple,5,SW2000/114b.4,Phocoena phocoena,Harbour porpoise,FALSE,6/21/00,exact,2000,LLwyngwril,Gwynedd,West coast,Wales,SH57800870,257800,308700,52.65700346,-4.102601976,U,N/A,TRUE,dead stranded,unknown,FALSE,,,,,SW2000/114b
Cetacean,Multiple,5,SW2000/114b.5,Phocoena phocoena,Harbour porpoise,FALSE,6/21/00,exact,2000,LLwyngwril,Gwynedd,West coast,Wales,SH57800870,257800,308700,52.65700346,-4.102601976,U,N/A,TRUE,dead stranded,unknown,FALSE,,,,,SW2000/114b
Cetacean,Multiple,8,SW2001/36d.1,Lagenorhynchus albirostris,White-beaked dolphin,FALSE,2/21/01,exact,2001,Lerwick,Shetland ,Shetland,Scotland,HU470410,447000,1141000,60.1513275,-1.153401948,U,N/A,TRUE,dead stranded,indeterminate (code 5),FALSE,,,,,SW2001/36d
Cetacean,Multiple,8,SW2001/36d.2,Lagenorhynchus albirostris,White-beaked dolphin,FALSE,2/21/01,exact,2001,Lerwick,Shetland ,Shetland,Scotland,HU470410,447000,1141000,60.1513275,-1.153401948,U,N/A,TRUE,dead stranded,indeterminate (code 5),FALSE,,,,,SW2001/36d
Cetacean,Multiple,8,SW2001/36d.3,Lagenorhynchus albirostris,White-beaked dolphin,FALSE,2/21/01,exact,2001,Lerwick,Shetland ,Shetland,Scotland,HU470410,447000,1141000,60.1513275,-1.153401948,U,N/A,TRUE,dead stranded,indeterminate (code 5),FALSE,,,,,SW2001/36d
Cetacean,Multiple,8,SW2001/36d.4,Lagenorhynchus albirostris,White-beaked dolphin,FALSE,2/21/01,exact,2001,Lerwick,Shetland ,Shetland,Scotland,HU470410,447000,1141000,60.1513275,-1.153401948,U,N/A,TRUE,dead stranded,indeterminate (code 5),FALSE,,,,,SW2001/36d
Cetacean,Multiple,8,SW2001/36d.5,Lagenorhynchus albirostris,White-beaked dolphin,FALSE,2/21/01,exact,2001,Lerwick,Shetland ,Shetland,Scotland,HU470410,447000,1141000,60.1513275,-1.153401948,U,N/A,TRUE,dead stranded,indeterminate (code 5),FALSE,,,,,SW2001/36d
Cetacean,Multiple,8,SW2001/36d.6,Lagenorhynchus albirostris,White-beaked dolphin,FALSE,2/21/01,exact,2001,Lerwick,Shetland ,Shetland,Scotland,HU470410,447000,1141000,60.1513275,-1.153401948,U,N/A,TRUE,dead stranded,indeterminate (code 5),FALSE,,,,,SW2001/36d
Cetacean,Multiple,8,SW2001/36d.7,Lagenorhynchus albirostris,White-beaked dolphin,FALSE,2/21/01,exact,2001,Lerwick,Shetland ,Shetland,Scotland,HU470410,447000,1141000,60.1513275,-1.153401948,U,N/A,TRUE,dead stranded,indeterminate (code 5),FALSE,,,,,SW2001/36d
Cetacean,Multiple,8,SW2001/36d.8,Lagenorhynchus albirostris,White-beaked dolphin,FALSE,2/21/01,exact,2001,Lerwick,Shetland ,Shetland,Scotland,HU470410,447000,1141000,60.1513275,-1.153401948,U,N/A,TRUE,dead stranded,indeterminate (code 5),FALSE,,,,,SW2001/36d
Cetacean,Multiple,3,SW2005/211a.1,Unknown,Dolphin (indeterminate species),TRUE,8/14/05,exact,2005,"Orosay, Barra",Western Isles,Western Isles,Scotland,NF715064,71500,806400,57.03150243,-7.415990003,U,180,TRUE,dead stranded,advanced decomposition (code 4),FALSE,,,,,SW2005/211a
Cetacean,Multiple,3,SW2005/211a.2,Unknown,Dolphin (indeterminate species),TRUE,8/14/05,exact,2005,"Orosay, Barra",Western Isles,Western Isles,Scotland,NF715064,71500,806400,57.03150243,-7.415990003,U,180,TRUE,dead stranded,advanced decomposition (code 4),FALSE,,,,,SW2005/211a
Cetacean,Multiple,3,SW2005/211a.3,Unknown,Dolphin (indeterminate species),TRUE,8/14/05,exact,2005,"Orosay, Barra",Western Isles,Western Isles,Scotland,NF715064,71500,806400,57.03150243,-7.415990003,U,180,TRUE,dead stranded,advanced decomposition (code 4),FALSE,,,,,SW2005/211a
Cetacean,Multiple,3,SW2005/86.1,Phocoena phocoena,Harbour porpoise,FALSE,4/3/05,exact,2005,Barmston beach,East Riding of Yorkshire,East coast,England,TA172590,517200,459000,54.01349861,-0.211198396,U,150,FALSE,dead stranded,freshly dead (code 2a),FALSE,,,,,SW2005/86
Cetacean,Multiple,3,SW2005/86.2,Phocoena phocoena,Harbour porpoise,FALSE,4/3/05,exact,2005,Barmston beach,East Riding of Yorkshire,East coast,England,TA172590,517200,459000,54.01349861,-0.211198396,U,90,FALSE,dead stranded,freshly dead (code 2a),FALSE,,,,,SW2005/86
Cetacean,Multiple,3,SW2005/86.3,Phocoena phocoena,Harbour porpoise,FALSE,4/3/05,exact,2005,Barmston beach,East Riding of Yorkshire,East coast,England,TA172590,517200,459000,54.01349861,-0.211198396,U,100,TRUE,dead stranded,moderate-advanced decomposition (code 3-4),FALSE,,,,,SW2005/86
Cetacean,Multiple,39,SW2011/303.17,Globicephala melas,Long-finned pilot whale,FALSE,7/28/11,exact,2011,"Kyle of Durness, Sarsgrum  ",Highland,Highland,Scotland,NC 378 643,237800,964300,58.53722222,-4.788055556,U,426,TRUE,dead stranded,moderate decomposition (code 3),FALSE,,,,,SW2011/303
Cetacean,Multiple,3,SW2012/383.1,Lagenorhynchus albirostris,White-beaked dolphin,FALSE,8/23/12,exact,2012,Ardersier,Highland,Highland,Scotland,NH 770 565,277000,856500,57.58194444,-4.058055556,M,264,FALSE,dead stranded,freshly dead (code 2a),TRUE,M271.1/12,live stranding,Live Stranding,Others,SW2012/383
Cetacean,Multiple,3,SW2012/383.2,Lagenorhynchus albirostris,White-beaked dolphin,FALSE,8/23/12,exact,2012,Ardersier,Highland,Highland,Scotland,NH 772 563,277200,856300,57.58055556,-4.054166667,M,264,FALSE,dead stranded,freshly dead (code 2a),TRUE,M271.2/12,live stranding,Live Stranding,Others,SW2012/383
Cetacean,Multiple,3,SW2012/383.3,Lagenorhynchus albirostris,White-beaked dolphin,FALSE,8/23/12,exact,2012,Ardersier,Highland,Highland,Scotland,NH 760 565,276000,856500,57.58222222,-4.074444444,M,267,FALSE,dead stranded,freshly dead (code 2a),TRUE,M271.3/12,live stranding,Live Stranding,Others,SW2012/383
Cetacean,Multiple,3,SW2012/479.1,Lagenorhynchus albirostris,White-beaked dolphin,FALSE,11/9/12,exact,2012,Gott Bay Tiree,Argyll and Bute,Strathclyde,Scotland,NM 045 470,104500,747000,56.52222222,-6.806111111,M,200,FALSE,dead stranded,freshly dead (code 2a),TRUE,M360.1/12,live stranding,Live Stranding,Others,SW2012/479
Cetacean,Multiple,3,SW2012/479.2,Lagenorhynchus albirostris,White-beaked dolphin,FALSE,11/9/12,exact,2012,Gott Bay Tiree,Argyll and Bute,Strathclyde,Scotland,NM 045 469,104500,746900,56.52138889,-6.806388889,M,200,FALSE,dead stranded,freshly dead (code 2a),TRUE,M360.2/12,live stranding due to infectious process ,Generalised Bacterial Infection,Infectious Disease,SW2012/479
Cetacean,Multiple,3,SW2012/66.1,Phocoena phocoena,Harbour porpoise,FALSE,2/26/12,exact,2012,"Cattlemere Scar, Flamborough",East Riding of Yorkshire,East coast,England,TA 256 700,525600,470000,54.11111111,-0.079444444,U,100,TRUE,dead stranded,moderate decomposition (code 3),FALSE,,,,,SW2012/66
Cetacean,Multiple,3,SW2012/66.2,Phocoena phocoena,Harbour porpoise,FALSE,2/26/12,exact,2012,"Cattlemere Scar, Flamborough",East Riding of Yorkshire,East coast,England,TA 256 700,525600,470000,54.11111111,-0.079444444,U,N/A,TRUE,dead stranded,moderate decomposition (code 3),FALSE,,,,,SW2012/66
Cetacean,Multiple,3,SW2012/66.3,Phocoena phocoena,Harbour porpoise,FALSE,2/26/12,exact,2012,"Cattlemere Scar, Flamborough",East Riding of Yorkshire,East coast,England,TA 256 700,525600,470000,54.11111111,-0.079444444,U,100,TRUE,dead stranded,moderate decomposition (code 3),FALSE,,,,,SW2012/66
Cetacean,Multiple,3,SW2013/231.3,Globicephala melas,Long-finned pilot whale,FALSE,4/27/13,exact,2013,Inver near Tain,Highland,Highland,Scotland,NH 861 825,286100,882500,57.81805556,-3.918055556,M,400,FALSE,dead stranded,moderate-advanced decomposition (code 3-4),TRUE,M138/13,live stranding,Live Stranding,Others,SW2013/231
Cetacean,Multiple,4,SW2013/69.1,Phocoena phocoena,Harbour porpoise,FALSE,3/3/13,exact,2013,"Beside Bush Road, Winterton-on-sea",Norfolk,East coast,England,TG 494 207,649400,320700,52.72694444,1.692777778,U,N/A,TRUE,dead stranded,freshly dead (code 2a),FALSE,,,,,SW2013/69
Cetacean,Multiple,4,SW2013/69.2,Phocoena phocoena,Harbour porpoise,FALSE,3/3/13,exact,2013,"Beside Bush Road, Winterton-on-sea",Norfolk,East coast,England,TG 494 207,649400,320700,52.72694444,1.692777778,U,N/A,TRUE,dead stranded,freshly dead (code 2a),FALSE,,,,,SW2013/69
Cetacean,Multiple,4,SW2013/69.3,Phocoena phocoena,Harbour porpoise,FALSE,3/3/13,exact,2013,"Beside Bush Road, Winterton-on-sea",Norfolk,East coast,England,TG 494 207,649400,320700,52.72694444,1.692777778,U,N/A,TRUE,dead stranded,freshly dead (code 2a),FALSE,,,,,SW2013/69
Cetacean,Multiple,3,SW2014/93.1,Lagenorhynchus albirostris,White-beaked dolphin,FALSE,3/27/14,exact,2014,"Bay of Holland, Stronsay.",Orkney ,Orkney,Scotland,HY 655 226,365500,1022600,59.08944444,-2.602777778,U,200,TRUE,dead stranded,moderate decomposition (code 3),FALSE,,,,,SW2014/93
Cetacean,Multiple,3,SW2014/93.2,Lagenorhynchus albirostris,White-beaked dolphin,FALSE,3/27/14,exact,2014,"Bay of Holland, Stronsay.",Orkney ,Orkney,Scotland,HY 655 226,365500,1022600,59.08944444,-2.602777778,U,200,TRUE,dead stranded,advanced decomposition (code 4),FALSE,,,,,SW2014/93
Cetacean,Multiple,3,SW2014/93.3,Lagenorhynchus albirostris,White-beaked dolphin,FALSE,3/27/14,exact,2014,"Bay of Holland, Stronsay.",Orkney ,Orkney,Scotland,HY 655 226,365500,1022600,59.08944444,-2.602777778,U,200,TRUE,dead stranded,advanced decomposition (code 4),FALSE,,,,,SW2014/93
Cetacean,Multiple,7,SW1992/107.1,Globicephala melas,Long-finned pilot whale,FALSE,4/18/92,exact,1992,"Dalbeg, Lewis",Western Isles,Western Isles,Scotland,NB22484620,122480,946200,58.3166984,-6.739820715,M,520,FALSE,live stranded,freshly dead- died on beach (code 2a),TRUE,M0800/92A,live stranding,Live Stranding,Others,SW1992/107
Cetacean,Multiple,7,SW1992/107.2,Globicephala melas,Long-finned pilot whale,FALSE,4/18/92,exact,1992,"Dalbeg, Lewis",Western Isles,Western Isles,Scotland,NB22484620,122480,946200,58.3166984,-6.739820715,M,485,FALSE,live stranded,freshly dead- died on beach (code 2a),TRUE,M0800/92B,live stranding,Live Stranding,Others,SW1992/107
Cetacean,Multiple,7,SW1992/107.3,Globicephala melas,Long-finned pilot whale,FALSE,4/18/92,exact,1992,"Dalbeg, Lewis",Western Isles,Western Isles,Scotland,NB22484620,122480,946200,58.3166984,-6.739820715,M,576,FALSE,live stranded,freshly dead- died on beach (code 2a),TRUE,M0800/92C,live stranding,Live Stranding,Others,SW1992/107
Cetacean,Multiple,7,SW1992/107.4,Globicephala melas,Long-finned pilot whale,FALSE,4/18/92,exact,1992,"Dalbeg, Lewis",Western Isles,Western Isles,Scotland,NB22484620,122480,946200,58.3166984,-6.739820715,F,448,FALSE,live stranded,freshly dead- died on beach (code 2a),TRUE,M0800/92D,live stranding,Live Stranding,Others,SW1992/107
Cetacean,Multiple,7,SW1992/107.5,Globicephala melas,Long-finned pilot whale,FALSE,4/18/92,exact,1992,"Dalbeg, Lewis",Western Isles,Western Isles,Scotland,NB22484620,122480,946200,58.3166984,-6.739820715,M,538,FALSE,live stranded,freshly dead- died on beach (code 2a),TRUE,M0800/92E,live stranding,Live Stranding,Others,SW1992/107
Cetacean,Multiple,7,SW1992/107.6,Globicephala melas,Long-finned pilot whale,FALSE,4/18/92,exact,1992,"Dalbeg, Lewis",Western Isles,Western Isles,Scotland,NB22484620,122480,946200,58.3166984,-6.739820715,M,559,FALSE,live stranded,freshly dead- died on beach (code 2a),TRUE,M0800/92F,live stranding,Live Stranding,Others,SW1992/107
Cetacean,Multiple,7,SW1992/107.7,Globicephala melas,Long-finned pilot whale,FALSE,4/18/92,exact,1992,"Dalbeg, Lewis",Western Isles,Western Isles,Scotland,NB22484620,122480,946200,58.3166984,-6.739820715,F,N/A,TRUE,live stranded,freshly dead- died on beach (code 2a),FALSE,,,,,SW1992/107
Cetacean,Multiple,3,SW1992/141a.1,Mesoplodon bidens,Sowerby's beaked whale,FALSE,6/15/92,exact,1992,"Eye Peninsula, Isle of Lewis",Western Isles,Western Isles,Scotland,NB49802980,149800,929800,58.18620616,-6.257108589,M,317,FALSE,live stranded,freshly dead- died on beach (code 2a),TRUE,M1309/92B,live stranding,Live Stranding,Others,SW1992/141a
Cetacean,Multiple,3,SW1992/141a.2,Mesoplodon bidens,Sowerby's beaked whale,FALSE,6/15/92,exact,1992,"Eye Peninsula, Isle of Lewis",Western Isles,Western Isles,Scotland,NB49812980,149810,929800,58.18621183,-6.25693898,M,352,FALSE,live stranded,freshly dead- died on beach (code 2a),TRUE,M1309/92A,live stranding,Live Stranding,Others,SW1992/141a
Cetacean,Multiple,3,SW1992/141a.3,Mesoplodon bidens,Sowerby's beaked whale,FALSE,6/15/92,exact,1992,"Eye Peninsula, Isle of Lewis",Western Isles,Western Isles,Scotland,NB49802981,149800,929810,58.18629574,-6.257119318,F,298,FALSE,live stranded,freshly dead- died on beach (code 2a),TRUE,M1309/92C,live stranding,Live Stranding,Others,SW1992/141a
Cetacean,Multiple,11,SW1994/177a.1,Physeter catodon,Sperm whale,FALSE,12/7/94,exact,1994,"Backaskail Bay, Sanday",Orkney ,Orkney,Scotland,HY65503880,365500,1038800,59.23481965,-2.604684149,M,1230,FALSE,live stranded,freshly dead- died on beach (code 2a),FALSE,,,,,SW1994/177a
Cetacean,Multiple,11,SW1994/177a.10,Physeter catodon,Sperm whale,FALSE,12/7/94,exact,1994,"Backaskail Bay, Sanday",Orkney ,Orkney,Scotland,HY65503880,365500,1038800,59.23481965,-2.604684149,M,1330,FALSE,live stranded,freshly dead- died on beach (code 2a),FALSE,,,,,SW1994/177a
Cetacean,Multiple,11,SW1994/177a.11,Physeter catodon,Sperm whale,FALSE,12/7/94,exact,1994,"Backaskail Bay, Sanday",Orkney ,Orkney,Scotland,HY65503880,365500,1038800,59.23481965,-2.604684149,M,1250,FALSE,live stranded,freshly dead- died on beach (code 2a),FALSE,,,,,SW1994/177a
Cetacean,Multiple,11,SW1994/177a.2,Physeter catodon,Sperm whale,FALSE,12/7/94,exact,1994,"Backaskail Bay, Sanday",Orkney ,Orkney,Scotland,HY65503880,365500,1038800,59.23481965,-2.604684149,M,1240,FALSE,live stranded,freshly dead- died on beach (code 2a),FALSE,,,,,SW1994/177a
Cetacean,Multiple,11,SW1994/177a.3,Physeter catodon,Sperm whale,FALSE,12/7/94,exact,1994,"Backaskail Bay, Sanday",Orkney ,Orkney,Scotland,HY65503880,365500,1038800,59.23481965,-2.604684149,M,1280,FALSE,live stranded,freshly dead- died on beach (code 2a),FALSE,,,,,SW1994/177a
Cetacean,Multiple,11,SW1994/177a.4,Physeter catodon,Sperm whale,FALSE,12/7/94,exact,1994,"Backaskail Bay, Sanday",Orkney ,Orkney,Scotland,HY65503880,365500,1038800,59.23481965,-2.604684149,M,1320,FALSE,live stranded,freshly dead- died on beach (code 2a),FALSE,,,,,SW1994/177a
Cetacean,Multiple,11,SW1994/177a.5,Physeter catodon,Sperm whale,FALSE,12/7/94,exact,1994,"Backaskail Bay, Sanday",Orkney ,Orkney,Scotland,HY65503880,365500,1038800,59.23481965,-2.604684149,M,1260,FALSE,live stranded,freshly dead- died on beach (code 2a),FALSE,,,,,SW1994/177a
Cetacean,Multiple,11,SW1994/177a.6,Physeter catodon,Sperm whale,FALSE,12/7/94,exact,1994,"Backaskail Bay, Sanday",Orkney ,Orkney,Scotland,HY65503880,365500,1038800,59.23481965,-2.604684149,M,1340,FALSE,live stranded,freshly dead- died on beach (code 2a),FALSE,,,,,SW1994/177a
Cetacean,Multiple,11,SW1994/177a.7,Physeter catodon,Sperm whale,FALSE,12/7/94,exact,1994,"Backaskail Bay, Sanday",Orkney ,Orkney,Scotland,HY65503880,365500,1038800,59.23481965,-2.604684149,M,1240,FALSE,live stranded,freshly dead- died on beach (code 2a),FALSE,,,,,SW1994/177a
Cetacean,Multiple,11,SW1994/177a.8,Physeter catodon,Sperm whale,FALSE,12/7/94,exact,1994,"Backaskail Bay, Sanday",Orkney ,Orkney,Scotland,HY65503880,365500,1038800,59.23481965,-2.604684149,M,1200,FALSE,live stranded,freshly dead- died on beach (code 2a),FALSE,,,,,SW1994/177a
Cetacean,Multiple,11,SW1994/177a.9,Physeter catodon,Sperm whale,FALSE,12/7/94,exact,1994,"Backaskail Bay, Sanday",Orkney ,Orkney,Scotland,HY65503880,365500,1038800,59.23481965,-2.604684149,M,1280,FALSE,live stranded,freshly dead- died on beach (code 2a),FALSE,,,,,SW1994/177a
Cetacean,Multiple,11,SW1994/177b.1,Orcinus orca,Killer whale,FALSE,12/7/94,exact,1994,"Uyeasound, Unst",Shetland ,Shetland,Scotland,HP59100100,459100,1201000,60.68843223,-0.917735961,F,488,TRUE,live stranded,freshly dead- died on beach (code 2a),FALSE,,,,,SW1994/177b
Cetacean,Multiple,11,SW1994/177b.10,Orcinus orca,Killer whale,FALSE,12/7/94,exact,1994,"Uyeasound, Unst",Shetland ,Shetland,Scotland,HP59100100,459100,1201000,60.68843223,-0.917735961,U,N/A,TRUE,live stranded,alive- refloated (code 1),FALSE,,,,,SW1994/177b
Cetacean,Multiple,11,SW1994/177b.11,Orcinus orca,Killer whale,FALSE,12/7/94,exact,1994,"Uyeasound, Unst",Shetland ,Shetland,Scotland,HP59100100,459100,1201000,60.68843223,-0.917735961,U,N/A,TRUE,live stranded,alive- refloated (code 1),FALSE,,,,,SW1994/177b
Cetacean,Multiple,11,SW1994/177b.2,Orcinus orca,Killer whale,FALSE,12/7/94,exact,1994,"Uyeasound, Unst",Shetland ,Shetland,Scotland,HP59100100,459100,1201000,60.68843223,-0.917735961,U,N/A,TRUE,live stranded,alive- refloated (code 1),FALSE,,,,,SW1994/177b
Cetacean,Multiple,11,SW1994/177b.3,Orcinus orca,Killer whale,FALSE,12/7/94,exact,1994,"Uyeasound, Unst",Shetland ,Shetland,Scotland,HP59100100,459100,1201000,60.68843223,-0.917735961,U,N/A,TRUE,live stranded,alive- refloated (code 1),FALSE,,,,,SW1994/177b
Cetacean,Multiple,11,SW1994/177b.4,Orcinus orca,Killer whale,FALSE,12/7/94,exact,1994,"Uyeasound, Unst",Shetland ,Shetland,Scotland,HP59100100,459100,1201000,60.68843223,-0.917735961,U,N/A,TRUE,live stranded,alive- refloated (code 1),FALSE,,,,,SW1994/177b
Cetacean,Multiple,11,SW1994/177b.5,Orcinus orca,Killer whale,FALSE,12/7/94,exact,1994,"Uyeasound, Unst",Shetland ,Shetland,Scotland,HP59100100,459100,1201000,60.68843223,-0.917735961,U,N/A,TRUE,live stranded,alive- refloated (code 1),FALSE,,,,,SW1994/177b
Cetacean,Multiple,11,SW1994/177b.6,Orcinus orca,Killer whale,FALSE,12/7/94,exact,1994,"Uyeasound, Unst",Shetland ,Shetland,Scotland,HP59100100,459100,1201000,60.68843223,-0.917735961,U,N/A,TRUE,live stranded,alive- refloated (code 1),FALSE,,,,,SW1994/177b
Cetacean,Multiple,11,SW1994/177b.7,Orcinus orca,Killer whale,FALSE,12/7/94,exact,1994,"Uyeasound, Unst",Shetland ,Shetland,Scotland,HP59100100,459100,1201000,60.68843223,-0.917735961,U,N/A,TRUE,live stranded,alive- refloated (code 1),FALSE,,,,,SW1994/177b
Cetacean,Multiple,11,SW1994/177b.8,Orcinus orca,Killer whale,FALSE,12/7/94,exact,1994,"Uyeasound, Unst",Shetland ,Shetland,Scotland,HP59100100,459100,1201000,60.68843223,-0.917735961,U,N/A,TRUE,live stranded,alive- refloated (code 1),FALSE,,,,,SW1994/177b
Cetacean,Multiple,11,SW1994/177b.9,Orcinus orca,Killer whale,FALSE,12/7/94,exact,1994,"Uyeasound, Unst",Shetland ,Shetland,Scotland,HP59100100,459100,1201000,60.68843223,-0.917735961,U,N/A,TRUE,live stranded,alive- refloated (code 1),FALSE,,,,,SW1994/177b
Cetacean,Multiple,7,SW1994/85a.1,Lagenorhynchus acutus,Atlantic white-sided dolphin,FALSE,5/12/94,exact,1994,"Scapa beach, Mainland",Orkney ,Orkney,Scotland,HY43000800,343000,1008000,58.95580642,-2.990977505,M,186,FALSE,live stranded,freshly dead- died on beach (code 2a),TRUE,M0997/94A,live stranding,Live Stranding,Others,SW1994/85a
Cetacean,Multiple,7,SW1994/85a.2,Lagenorhynchus acutus,Atlantic white-sided dolphin,FALSE,5/12/94,exact,1994,"Scapa beach, Mainland",Orkney ,Orkney,Scotland,HY43000800,343000,1008000,58.95580642,-2.990977505,U,N/A,TRUE,live stranded,alive- refloated (code 1),FALSE,,,,,SW1994/85a
Cetacean,Multiple,7,SW1994/85a.3,Lagenorhynchus acutus,Atlantic white-sided dolphin,FALSE,5/12/94,exact,1994,"Scapa beach, Mainland",Orkney ,Orkney,Scotland,HY43000800,343000,1008000,58.95580642,-2.990977505,U,N/A,TRUE,live stranded,alive- refloated (code 1),FALSE,,,,,SW1994/85a
Cetacean,Multiple,7,SW1994/85a.4,Lagenorhynchus acutus,Atlantic white-sided dolphin,FALSE,5/12/94,exact,1994,"Scapa beach, Mainland",Orkney ,Orkney,Scotland,HY43000800,343000,1008000,58.95580642,-2.990977505,U,N/A,TRUE,live stranded,alive- refloated (code 1),FALSE,,,,,SW1994/85a
Cetacean,Multiple,7,SW1994/85a.5,Lagenorhynchus acutus,Atlantic white-sided dolphin,FALSE,5/12/94,exact,1994,"Scapa beach, Mainland",Orkney ,Orkney,Scotland,HY43000800,343000,1008000,58.95580642,-2.990977505,U,N/A,TRUE,live stranded,alive- refloated (code 1),FALSE,,,,,SW1994/85a
Cetacean,Multiple,7,SW1994/85a.6,Lagenorhynchus acutus,Atlantic white-sided dolphin,FALSE,5/12/94,exact,1994,"Scapa beach, Mainland",Orkney ,Orkney,Scotland,HY43000800,343000,1008000,58.95580642,-2.990977505,U,N/A,TRUE,live stranded,alive- refloated (code 1),FALSE,,,,,SW1994/85a
Cetacean,Multiple,7,SW1994/85a.7,Lagenorhynchus acutus,Atlantic white-sided dolphin,FALSE,5/12/94,exact,1994,"Scapa beach, Mainland",Orkney ,Orkney,Scotland,HY43000800,343000,1008000,58.95580642,-2.990977505,U,N/A,TRUE,live stranded,alive- refloated (code 1),FALSE,,,,,SW1994/85a
Cetacean,Multiple,6,SW1996/31b.1,Physeter catodon,Sperm whale,FALSE,1/28/96,exact,1996,Cruden Bay,Aberdeenshire,Grampian,Scotland,NK08603510,408600,835100,57.4064249,-1.856853349,M,1260,FALSE,live stranded,freshly dead- died on beach (code 2a),TRUE,M0143/96A,live stranding (mass),Live Stranding,Others,SW1996/31b
Cetacean,Multiple,6,SW1996/31b.2,Physeter catodon,Sperm whale,FALSE,1/28/96,exact,1996,Cruden Bay,Aberdeenshire,Grampian,Scotland,NK08503490,408500,834900,57.40463004,-1.858524765,M,1285,FALSE,live stranded,freshly dead- died on beach (code 2a),TRUE,M0143/96B,live stranding (mass),Live Stranding,Others,SW1996/31b
Cetacean,Multiple,6,SW1996/31b.3,Physeter catodon,Sperm whale,FALSE,1/28/96,exact,1996,Cruden Bay,Aberdeenshire,Grampian,Scotland,NK08403450,408400,834500,57.40103842,-1.860202859,M,1210,FALSE,live stranded,freshly dead- died on beach (code 2a),TRUE,M0143/96C,live stranding (mass),Live Stranding,Others,SW1996/31b
Cetacean,Multiple,6,SW1996/31b.4,Physeter catodon,Sperm whale,FALSE,1/28/96,exact,1996,Cruden Bay,Aberdeenshire,Grampian,Scotland,NK08403450,408400,834500,57.40103842,-1.860202859,M,1375,FALSE,live stranded,freshly dead- died on beach (code 2a),TRUE,M0143/96D,live stranding (mass),Live Stranding,Others,SW1996/31b
Cetacean,Multiple,6,SW1996/31b.5,Physeter catodon,Sperm whale,FALSE,1/28/96,exact,1996,Cruden Bay,Aberdeenshire,Grampian,Scotland,NK08503440,408500,834400,57.40013819,-1.858542074,M,1365,FALSE,live stranded,freshly dead- died on beach (code 2a),TRUE,M0143/96E,live stranding (mass),Live Stranding,Others,SW1996/31b
Cetacean,Multiple,6,SW1996/31b.6,Physeter catodon,Sperm whale,FALSE,1/28/96,exact,1996,Cruden Bay,Aberdeenshire,Grampian,Scotland,NK08503440,408500,834400,57.40013819,-1.858542074,M,1365,FALSE,live stranded,freshly dead- died on beach (code 2a),TRUE,M0143/96F,live stranding (mass),Live Stranding,Others,SW1996/31b
Cetacean,Multiple,6,SW2000/163a.1,Lagenorhynchus acutus,Atlantic white-sided dolphin,FALSE,10/7/00,exact,2000,Brora,Highland,Highland,Scotland,NC900031,290000,903100,58.00375428,-3.861481471,F,214,FALSE,live stranded,freshly dead- died on beach (code 2a),TRUE,M193/00A,live stranding,Live Stranding,Others,SW2000/163a
Cetacean,Multiple,6,SW2000/163a.2,Lagenorhynchus acutus,Atlantic white-sided dolphin,FALSE,10/7/00,exact,2000,Brora,Highland,Highland,Scotland,NC900031,290000,903100,58.00375428,-3.861481471,M,236,FALSE,live stranded,freshly dead- died on beach (code 2a),TRUE,M193/00B,live stranding,Live Stranding,Others,SW2000/163a
Cetacean,Multiple,6,SW2000/163a.3,Lagenorhynchus acutus,Atlantic white-sided dolphin,FALSE,10/7/00,exact,2000,Brora,Highland,Highland,Scotland,NC900031,290000,903100,58.00375428,-3.861481471,F,218,FALSE,live stranded,freshly dead- died on beach (code 2a),TRUE,M193/00C,live stranding,Live Stranding,Others,SW2000/163a
Cetacean,Multiple,6,SW2000/163a.4,Lagenorhynchus acutus,Atlantic white-sided dolphin,FALSE,10/7/00,exact,2000,Brora,Highland,Highland,Scotland,NC900031,290000,903100,58.00375428,-3.861481471,F,218,FALSE,live stranded,freshly dead- died on beach (code 2a),TRUE,M193/00D,live stranding,Live Stranding,Others,SW2000/163a
Cetacean,Multiple,6,SW2000/163a.5,Lagenorhynchus acutus,Atlantic white-sided dolphin,FALSE,10/7/00,exact,2000,Brora,Highland,Highland,Scotland,NC900031,290000,903100,58.00375428,-3.861481471,M,130,FALSE,live stranded,freshly dead- died on beach (code 2a),TRUE,M193/00E,live stranding,Live Stranding,Others,SW2000/163a
Cetacean,Multiple,6,SW2000/163a.6,Lagenorhynchus acutus,Atlantic white-sided dolphin,FALSE,10/7/00,exact,2000,Brora,Highland,Highland,Scotland,NC900031,290000,903100,58.00375428,-3.861481471,M,240,TRUE,live stranded,freshly dead- died on beach (code 2a),FALSE,,,,,SW2000/163a
Cetacean,Multiple,3,SW2003/215.1,Stenella coeruleoalba,Striped dolphin,FALSE,4/20/03,exact,2003,Dunstanburgh Castle near golf course,Northumberland,East coast,England,NU246225,424600,622500,55.49565633,-1.610582468,F,163,FALSE,live stranded,freshly dead- died on beach (code 2a),FALSE,,,,,SW2003/215
Cetacean,Multiple,3,SW2003/215.2,Stenella coeruleoalba,Striped dolphin,FALSE,4/20/03,exact,2003,Dunstanburgh Castle near golf course,Northumberland,East coast,England,NU246225,424600,622500,55.49565633,-1.610582468,F,156,FALSE,live stranded,freshly dead- died on beach (code 2a),TRUE,XT383/03,live stranding (pending histology),Live Stranding,Others,SW2003/215
Cetacean,Multiple,3,SW2003/215.3,Stenella coeruleoalba,Striped dolphin,FALSE,4/20/03,exact,2003,Dunstanburgh Castle near golf course,Northumberland,East coast,England,NU246225,424600,622500,55.49565633,-1.610582468,F,166,FALSE,live stranded,freshly dead- died on beach (code 2a),TRUE,XT384/03,live stranding (pending histology),Live Stranding,Others,SW2003/215
Cetacean,Multiple,5,SW2007/121a.1,Lagenorhynchus acutus,Atlantic white-sided dolphin,FALSE,6/11/07,exact,2007,"Mol Sandwick, Stornoway, Lewis",Western Isles,Western Isles,Scotland,NB435323,143500,932300,58.2049831,-6.366700481,F,200,TRUE,live stranded,freshly dead- died on beach (code 2a),FALSE,,,,,SW2007/121a
Cetacean,Multiple,5,SW2007/121a.2,Lagenorhynchus acutus,Atlantic white-sided dolphin,FALSE,6/11/07,exact,2007,"Mol Sandwick, Stornoway, Lewis",Western Isles,Western Isles,Scotland,NB435323,143500,932300,58.2049831,-6.366700481,M,240,TRUE,live stranded,freshly dead- died on beach (code 2a),FALSE,,,,,SW2007/121a
Cetacean,Multiple,5,SW2007/121a.3,Lagenorhynchus acutus,Atlantic white-sided dolphin,FALSE,6/11/07,exact,2007,"Mol Sandwick, Stornoway, Lewis",Western Isles,Western Isles,Scotland,NB435323,143500,932300,58.2049831,-6.366700481,U,N/A,TRUE,live stranded,alive- refloated (code 1),FALSE,,,,,SW2007/121a
Cetacean,Multiple,5,SW2007/121a.4,Lagenorhynchus acutus,Atlantic white-sided dolphin,FALSE,6/11/07,exact,2007,"Mol Sandwick, Stornoway, Lewis",Western Isles,Western Isles,Scotland,NB435323,143500,932300,58.2049831,-6.366700481,U,N/A,TRUE,live stranded,alive- refloated (code 1),FALSE,,,,,SW2007/121a
Cetacean,Multiple,5,SW2007/121a.5,Lagenorhynchus acutus,Atlantic white-sided dolphin,FALSE,6/11/07,exact,2007,"Mol Sandwick, Stornoway, Lewis",Western Isles,Western Isles,Scotland,NB435323,143500,932300,58.2049831,-6.366700481,U,N/A,TRUE,live stranded,alive- refloated (code 1),FALSE,,,,,SW2007/121a
Cetacean,Multiple,3,SW2007/88.1,Phocoena phocoena,Harbour porpoise,FALSE,4/11/07,exact,2007,Great Yarmouth,Norfolk,East coast,England,TG532075,653200,307500,52.60580351,1.739981271,U,N/A,TRUE,live stranded,alive- refloated (code 1),FALSE,,,,,SW2007/88
Cetacean,Multiple,3,SW2007/88.2,Phocoena phocoena,Harbour porpoise,FALSE,4/11/07,exact,2007,Great Yarmouth,Norfolk,East coast,England,TG532075,653200,307500,52.60580351,1.739981271,U,N/A,TRUE,live stranded,alive- refloated (code 1),FALSE,,,,,SW2007/88
Cetacean,Multiple,3,SW2007/88.3,Phocoena phocoena,Harbour porpoise,FALSE,4/11/07,exact,2007,Great Yarmouth,Norfolk,East coast,England,TG532075,653200,307500,52.60580351,1.739981271,U,N/A,TRUE,live stranded,alive- refloated (code 1),FALSE,,,,,SW2007/88
Cetacean,Multiple,32,SW2008/94.1,Delphinus delphis,Short-beaked common dolphin,FALSE,6/9/08,exact,2008,"Porth Creek, River Percuil, near Falmouth",Cornwall,South-west,England,SW868334,186800,33400,50.16161515,-4.985411715,M,158,FALSE,live stranded,freshly dead- died on beach (code 2a),TRUE,M50/6/08,live stranding (mass),Live Stranding,Others,SW2008/94
Cetacean,Multiple,32,SW2008/94.10,Delphinus delphis,Short-beaked common dolphin,FALSE,6/9/08,exact,2008,"Porth Creek, River Percuil, near Falmouth",Cornwall,South-west,England,SW868334,186800,33400,50.16161515,-4.985411715,M,185,FALSE,live stranded,freshly dead- died on beach (code 2a),TRUE,EXTERNAL,live stranding (mass),Live Stranding,Others,SW2008/94
Cetacean,Multiple,32,SW2008/94.11,Delphinus delphis,Short-beaked common dolphin,FALSE,6/9/08,exact,2008,"Porth Creek, River Percuil, near Falmouth",Cornwall,South-west,England,SW868334,186800,33400,50.16161515,-4.985411715,F,206,FALSE,live stranded,freshly dead- died on beach (code 2a),TRUE,EXTERNAL,live stranding (mass),Live Stranding,Others,SW2008/94
Cetacean,Multiple,32,SW2008/94.12,Delphinus delphis,Short-beaked common dolphin,FALSE,6/9/08,exact,2008,"Porth Creek, River Percuil, near Falmouth",Cornwall,South-west,England,SW868334,186800,33400,50.16161515,-4.985411715,F,200,FALSE,live stranded,freshly dead- died on beach (code 2a),TRUE,EXTERNAL,live stranding (mass),Live Stranding,Others,SW2008/94
Cetacean,Multiple,32,SW2008/94.13,Delphinus delphis,Short-beaked common dolphin,FALSE,6/9/08,exact,2008,"Porth Creek, River Percuil, near Falmouth",Cornwall,South-west,England,SW868334,186800,33400,50.16161515,-4.985411715,F,207,FALSE,live stranded,freshly dead- died on beach (code 2a),TRUE,EXTERNAL,live stranding (mass),Live Stranding,Others,SW2008/94
Cetacean,Multiple,32,SW2008/94.14,Delphinus delphis,Short-beaked common dolphin,FALSE,6/9/08,exact,2008,"Porth Creek, River Percuil, near Falmouth",Cornwall,South-west,England,SW868334,186800,33400,50.16161515,-4.985411715,F,184,FALSE,live stranded,freshly dead- died on beach (code 2a),TRUE,EXTERNAL,live stranding (mass),Live Stranding,Others,SW2008/94
Cetacean,Multiple,32,SW2008/94.15,Delphinus delphis,Short-beaked common dolphin,FALSE,6/9/08,exact,2008,"Porth Creek, River Percuil, near Falmouth",Cornwall,South-west,England,SW868334,186800,33400,50.16161515,-4.985411715,F,169,FALSE,live stranded,freshly dead- died on beach (code 2a),TRUE,EXTERNAL,live stranding (mass),Live Stranding,Others,SW2008/94
Cetacean,Multiple,32,SW2008/94.16,Delphinus delphis,Short-beaked common dolphin,FALSE,6/9/08,exact,2008,"Porth Creek, River Percuil, near Falmouth",Cornwall,South-west,England,SW868334,186800,33400,50.16161515,-4.985411715,M,165,FALSE,live stranded,freshly dead- died on beach (code 2a),TRUE,XT528/08,live stranding (mass),Live Stranding,Others,SW2008/94
Cetacean,Multiple,32,SW2008/94.17,Delphinus delphis,Short-beaked common dolphin,FALSE,6/9/08,exact,2008,"Porth Creek, River Percuil, near Falmouth",Cornwall,South-west,England,SW868334,186800,33400,50.16161515,-4.985411715,F,168,FALSE,live stranded,freshly dead- died on beach (code 2a),TRUE,XT537/08,live stranding (mass),Live Stranding,Others,SW2008/94
Cetacean,Multiple,32,SW2008/94.18,Delphinus delphis,Short-beaked common dolphin,FALSE,6/9/08,exact,2008,"Porth Creek, River Percuil, near Falmouth",Cornwall,South-west,England,SW868334,186800,33400,50.16161515,-4.985411715,M,163,FALSE,live stranded,freshly dead- died on beach (code 2a),TRUE,XT549/08,live stranding (mass),Live Stranding,Others,SW2008/94
Cetacean,Multiple,32,SW2008/94.19,Delphinus delphis,Short-beaked common dolphin,FALSE,6/9/08,exact,2008,"Porth Creek, River Percuil, near Falmouth",Cornwall,South-west,England,SW868334,186800,33400,50.16161515,-4.985411715,M,166,FALSE,live stranded,freshly dead- died on beach (code 2a),TRUE,EXTERNAL,live stranding (mass),Live Stranding,Others,SW2008/94
Cetacean,Multiple,32,SW2008/94.2,Delphinus delphis,Short-beaked common dolphin,FALSE,6/9/08,exact,2008,"Porth Creek, River Percuil, near Falmouth",Cornwall,South-west,England,SW868334,186800,33400,50.16161515,-4.985411715,F,159,FALSE,live stranded,freshly dead- died on beach (code 2a),TRUE,M57/6/08,live stranding (mass),Live Stranding,Others,SW2008/94
Cetacean,Multiple,32,SW2008/94.20,Delphinus delphis,Short-beaked common dolphin,FALSE,6/9/08,exact,2008,"Porth Creek, River Percuil, near Falmouth",Cornwall,South-west,England,SW868334,186800,33400,50.16161515,-4.985411715,M,174,FALSE,live stranded,freshly dead- died on beach (code 2a),TRUE,EXTERNAL,live stranding (mass),Live Stranding,Others,SW2008/94
Cetacean,Multiple,32,SW2008/94.21,Delphinus delphis,Short-beaked common dolphin,FALSE,6/9/08,exact,2008,"Porth Creek, River Percuil, near Falmouth",Cornwall,South-west,England,SW868334,186800,33400,50.16161515,-4.985411715,M,177,FALSE,live stranded,freshly dead- died on beach (code 2a),TRUE,XT533/08,live stranding (mass),Live Stranding,Others,SW2008/94
Cetacean,Multiple,32,SW2008/94.22,Delphinus delphis,Short-beaked common dolphin,FALSE,6/9/08,exact,2008,"Porth Creek, River Percuil, near Falmouth",Cornwall,South-west,England,SW868334,186800,33400,50.16161515,-4.985411715,F,179,FALSE,live stranded,freshly dead- died on beach (code 2a),TRUE,EXTERNAL,live stranding (mass),Live Stranding,Others,SW2008/94
Cetacean,Multiple,32,SW2008/94.23,Delphinus delphis,Short-beaked common dolphin,FALSE,6/9/08,exact,2008,"Porth Creek, River Percuil, near Falmouth",Cornwall,South-west,England,SW868334,186800,33400,50.16161515,-4.985411715,M,181,FALSE,live stranded,freshly dead- died on beach (code 2a),TRUE,EXTERNAL,live stranding (mass),Live Stranding,Others,SW2008/94
Cetacean,Multiple,32,SW2008/94.24,Delphinus delphis,Short-beaked common dolphin,FALSE,6/9/08,exact,2008,"Porth Creek, River Percuil, near Falmouth",Cornwall,South-west,England,SW868334,186800,33400,50.16161515,-4.985411715,M,168,FALSE,live stranded,freshly dead- died on beach (code 2a),TRUE,XT542/08,live stranding (mass),Live Stranding,Others,SW2008/94
Cetacean,Multiple,32,SW2008/94.25,Delphinus delphis,Short-beaked common dolphin,FALSE,6/9/08,exact,2008,"Porth Creek, River Percuil, near Falmouth",Cornwall,South-west,England,SW868334,186800,33400,50.16161515,-4.985411715,M,186,FALSE,live stranded,freshly dead- died on beach (code 2a),TRUE,XT538/08,live stranding (mass),Live Stranding,Others,SW2008/94
Cetacean,Multiple,32,SW2008/94.26,Delphinus delphis,Short-beaked common dolphin,FALSE,6/9/08,exact,2008,"Porth Creek, River Percuil, near Falmouth",Cornwall,South-west,England,SW 868 334,186800,33400,50.16277778,-4.985833333,U,N/A,TRUE,live stranded,alive- refloated (code 1),FALSE,,,,,SW2008/94
Cetacean,Multiple,32,SW2008/94.27,Delphinus delphis,Short-beaked common dolphin,FALSE,6/9/08,exact,2008,"Porth Creek, River Percuil, near Falmouth",Cornwall,South-west,England,SW 868 334,186800,33400,50.16277778,-4.985833333,U,N/A,TRUE,live stranded,alive- refloated (code 1),FALSE,,,,,SW2008/94
Cetacean,Multiple,32,SW2008/94.28,Delphinus delphis,Short-beaked common dolphin,FALSE,6/9/08,exact,2008,"Porth Creek, River Percuil, near Falmouth",Cornwall,South-west,England,SW 868 334,186800,33400,50.16277778,-4.985833333,U,N/A,TRUE,live stranded,alive- refloated (code 1),FALSE,,,,,SW2008/94
Cetacean,Multiple,32,SW2008/94.29,Delphinus delphis,Short-beaked common dolphin,FALSE,6/9/08,exact,2008,"Porth Creek, River Percuil, near Falmouth",Cornwall,South-west,England,SW 868 334,186800,33400,50.16277778,-4.985833333,U,N/A,TRUE,live stranded,alive- refloated (code 1),FALSE,,,,,SW2008/94
Cetacean,Multiple,32,SW2008/94.3,Delphinus delphis,Short-beaked common dolphin,FALSE,6/9/08,exact,2008,"Porth Creek, River Percuil, near Falmouth",Cornwall,South-west,England,SW868334,186800,33400,50.16161515,-4.985411715,F,163,FALSE,live stranded,freshly dead- died on beach (code 2a),TRUE,M51/6/08,live stranding (mass),Live Stranding,Others,SW2008/94
Cetacean,Multiple,32,SW2008/94.30,Delphinus delphis,Short-beaked common dolphin,FALSE,6/9/08,exact,2008,"Porth Creek, River Percuil, near Falmouth",Cornwall,South-west,England,SW 868 334,186800,33400,50.16277778,-4.985833333,U,N/A,TRUE,live stranded,alive- refloated (code 1),FALSE,,,,,SW2008/94
Cetacean,Multiple,32,SW2008/94.31,Delphinus delphis,Short-beaked common dolphin,FALSE,6/9/08,exact,2008,"Porth Creek, River Percuil, near Falmouth",Cornwall,South-west,England,SW 868 334,186800,33400,50.16277778,-4.985833333,U,N/A,TRUE,live stranded,alive- refloated (code 1),FALSE,,,,,SW2008/94
Cetacean,Multiple,32,SW2008/94.32,Delphinus delphis,Short-beaked common dolphin,FALSE,6/9/08,exact,2008,"Porth Creek, River Percuil, near Falmouth",Cornwall,South-west,England,SW 868 334,186800,33400,50.16277778,-4.985833333,U,N/A,TRUE,live stranded,alive- refloated (code 1),FALSE,,,,,SW2008/94
Cetacean,Multiple,32,SW2008/94.4,Delphinus delphis,Short-beaked common dolphin,FALSE,6/9/08,exact,2008,"Porth Creek, River Percuil, near Falmouth",Cornwall,South-west,England,SW868334,186800,33400,50.16161515,-4.985411715,F,183,FALSE,live stranded,freshly dead- died on beach (code 2a),TRUE,M52/6/08,live stranding (mass),Live Stranding,Others,SW2008/94
Cetacean,Multiple,32,SW2008/94.5,Delphinus delphis,Short-beaked common dolphin,FALSE,6/9/08,exact,2008,"Porth Creek, River Percuil, near Falmouth",Cornwall,South-west,England,SW868334,186800,33400,50.16161515,-4.985411715,F,202,FALSE,live stranded,freshly dead- died on beach (code 2a),TRUE,M56/6/08,live stranding (mass),Live Stranding,Others,SW2008/94
Cetacean,Multiple,32,SW2008/94.6,Delphinus delphis,Short-beaked common dolphin,FALSE,6/9/08,exact,2008,"Porth Creek, River Percuil, near Falmouth",Cornwall,South-west,England,SW868334,186800,33400,50.16161515,-4.985411715,M,194,FALSE,live stranded,freshly dead- died on beach (code 2a),TRUE,M55/6/08,live stranding (mass),Live Stranding,Others,SW2008/94
Cetacean,Multiple,32,SW2008/94.7,Delphinus delphis,Short-beaked common dolphin,FALSE,6/9/08,exact,2008,"Porth Creek, River Percuil, near Falmouth",Cornwall,South-west,England,SW868334,186800,33400,50.16161515,-4.985411715,F,212,FALSE,live stranded,freshly dead- died on beach (code 2a),TRUE,M53/6/08,live stranding (mass),Live Stranding,Others,SW2008/94
Cetacean,Multiple,32,SW2008/94.8,Delphinus delphis,Short-beaked common dolphin,FALSE,6/9/08,exact,2008,"Porth Creek, River Percuil, near Falmouth",Cornwall,South-west,England,SW868334,186800,33400,50.16161515,-4.985411715,F,210,FALSE,live stranded,freshly dead- died on beach (code 2a),TRUE,M54/6/08,live stranding (mass),Live Stranding,Others,SW2008/94
Cetacean,Multiple,32,SW2008/94.9,Delphinus delphis,Short-beaked common dolphin,FALSE,6/9/08,exact,2008,"Porth Creek, River Percuil, near Falmouth",Cornwall,South-west,England,SW868334,186800,33400,50.16161515,-4.985411715,M,158,FALSE,live stranded,freshly dead- died on beach (code 2a),TRUE,EXTERNAL,live stranding (mass),Live Stranding,Others,SW2008/94
Cetacean,Multiple,7,SW2008/95c.1,Delphinus delphis,Short-beaked common dolphin,FALSE,6/9/08,exact,2008,Gillan Creek,Cornwall,South-west,England,SW 786 251,178600,25100,50.085,-5.095555556,U,N/A,TRUE,live stranded,alive- refloated (code 1),FALSE,,,,,SW2008/95c
Cetacean,Multiple,7,SW2008/95c.2,Delphinus delphis,Short-beaked common dolphin,FALSE,6/9/08,exact,2008,Gillan Creek,Cornwall,South-west,England,SW 786 251,178600,25100,50.085,-5.095555556,U,N/A,TRUE,live stranded,alive- refloated (code 1),FALSE,,,,,SW2008/95c
Cetacean,Multiple,7,SW2008/95c.3,Delphinus delphis,Short-beaked common dolphin,FALSE,6/9/08,exact,2008,Gillan Creek,Cornwall,South-west,England,SW 786 251,178600,25100,50.085,-5.095555556,U,N/A,TRUE,live stranded,alive- refloated (code 1),FALSE,,,,,SW2008/95c
Cetacean,Multiple,7,SW2008/95c.4,Delphinus delphis,Short-beaked common dolphin,FALSE,6/9/08,exact,2008,Gillan Creek,Cornwall,South-west,England,SW 786 251,178600,25100,50.085,-5.095555556,U,N/A,TRUE,live stranded,alive- refloated (code 1),FALSE,,,,,SW2008/95c
Cetacean,Multiple,7,SW2008/95c.5,Delphinus delphis,Short-beaked common dolphin,FALSE,6/9/08,exact,2008,Gillan Creek,Cornwall,South-west,England,SW 786 251,178600,25100,50.085,-5.095555556,U,N/A,TRUE,live stranded,alive- refloated (code 1),FALSE,,,,,SW2008/95c
Cetacean,Multiple,7,SW2008/95c.6,Delphinus delphis,Short-beaked common dolphin,FALSE,6/9/08,exact,2008,Gillan Creek,Cornwall,South-west,England,SW 786 251,178600,25100,50.085,-5.095555556,U,N/A,TRUE,live stranded,alive- refloated (code 1),FALSE,,,,,SW2008/95c
Cetacean,Multiple,7,SW2008/95c.7,Delphinus delphis,Short-beaked common dolphin,FALSE,6/9/08,exact,2008,Gillan Creek,Cornwall,South-west,England,SW 786 251,178600,25100,50.085,-5.095555556,U,N/A,TRUE,live stranded,alive- refloated (code 1),FALSE,,,,,SW2008/95c
Cetacean,Multiple,5,SW2009/245.1,Lagenorhynchus albirostris,White-beaked dolphin,FALSE,7/22/09,exact,2009,"Scotven Bay, Grimsay, North Uist",Western Isles,Western Isles,Scotland,NF 862 559,86200,855900,57.48472222,-7.2375,U,N/A,TRUE,live stranded,freshly dead- died on beach (code 2a),FALSE,,,,,SW2009/245
Cetacean,Multiple,5,SW2009/245.2,Lagenorhynchus albirostris,White-beaked dolphin,FALSE,7/22/09,exact,2009,"Scotven Bay, Grimsay, North Uist",Western Isles,Western Isles,Scotland,NF 862 559,86200,855900,57.48472222,-7.2375,U,N/A,TRUE,live stranded,freshly dead- died on beach (code 2a),FALSE,,,,,SW2009/245
Cetacean,Multiple,5,SW2009/245.3,Lagenorhynchus albirostris,White-beaked dolphin,FALSE,7/22/09,exact,2009,"Scotven Bay, Grimsay, North Uist",Western Isles,Western Isles,Scotland,NF 862 559,86200,855900,57.48472222,-7.2375,U,N/A,TRUE,live stranded,freshly dead- died on beach (code 2a),FALSE,,,,,SW2009/245
Cetacean,Multiple,5,SW2009/245.4,Lagenorhynchus albirostris,White-beaked dolphin,FALSE,7/22/09,exact,2009,"Scotven Bay, Grimsay, North Uist",Western Isles,Western Isles,Scotland,NF 862 559,86200,855900,57.48472222,-7.2375,U,N/A,TRUE,live stranded,freshly dead- died on beach (code 2a),FALSE,,,,,SW2009/245
Cetacean,Multiple,5,SW2009/245.5,Lagenorhynchus albirostris,White-beaked dolphin,FALSE,7/22/09,exact,2009,"Scotven Bay, Grimsay, North Uist",Western Isles,Western Isles,Scotland,NF 862 559,86200,855900,57.48472222,-7.2375,U,N/A,TRUE,live stranded,freshly dead- died on beach (code 2a),FALSE,,,,,SW2009/245
Cetacean,Multiple,39,SW2011/303.1,Globicephala melas,Long-finned pilot whale,FALSE,7/22/11,exact,2011,"Kyle of Durness, Sarsgrum  ",Highland,Highland,Scotland,NC 374 641,237400,964100,58.535,-4.793888889,F,457,FALSE,live stranded,freshly dead- died on beach (code 2a),TRUE,M168.1/11,"live stranding, euthanized, extensive rhabdomyolysis ",Live Stranding,Others,SW2011/303
Cetacean,Multiple,39,SW2011/303.10,Globicephala melas,Long-finned pilot whale,FALSE,7/22/11,exact,2011,"Kyle of Durness, Sarsgrum  ",Highland,Highland,Scotland,NC 366 665,236600,966500,58.55638889,-4.808888889,F,393,TRUE,live stranded,freshly dead- died on beach (code 2a),TRUE,M168.10/11,live stranding and subsequent drowning,Live Stranding,Others,SW2011/303
Cetacean,Multiple,39,SW2011/303.11,Globicephala melas,Long-finned pilot whale,FALSE,7/22/11,exact,2011,"Kyle of Durness, Sarsgrum  ",Highland,Highland,Scotland,NC 366 665,236600,966500,58.55666667,-4.808888889,F,305,TRUE,live stranded,freshly dead- died on beach (code 2a),TRUE,M168.11/11,live stranding and drowning,Live Stranding,Others,SW2011/303
Cetacean,Multiple,39,SW2011/303.12,Globicephala melas,Long-finned pilot whale,FALSE,7/22/11,exact,2011,"Kyle of Durness, Sarsgrum  ",Highland,Highland,Scotland,NC 366 665,236600,966500,58.55638889,-4.808888889,M,437,TRUE,live stranded,freshly dead- died on beach (code 2a),TRUE,M168.12/11,live stranding and aspiration of water and sand. Capture myopathy.,Live Stranding,Others,SW2011/303
Cetacean,Multiple,39,SW2011/303.13,Globicephala melas,Long-finned pilot whale,FALSE,7/22/11,exact,2011,"Kyle of Durness, Sarsgrum  ",Highland,Highland,Scotland,NC 366 666,236600,966600,58.55694444,-4.808611111,F,413,TRUE,live stranded,freshly dead- died on beach (code 2a),TRUE,M168.13/11,"live stranding, evidence of capture myopathy",Live Stranding,Others,SW2011/303
Cetacean,Multiple,39,SW2011/303.14,Globicephala melas,Long-finned pilot whale,FALSE,7/22/11,exact,2011,"Kyle of Durness, Sarsgrum  ",Highland,Highland,Scotland,NC 366 665,236600,966500,58.55638889,-4.808888889,M,N/A,TRUE,live stranded,freshly dead- died on beach (code 2a),TRUE,M168.14/11,"live stranding, capture myopathy",Live Stranding,Others,SW2011/303
Cetacean,Multiple,39,SW2011/303.15,Globicephala melas,Long-finned pilot whale,FALSE,7/22/11,exact,2011,"Kyle of Durness, Sarsgrum  ",Highland,Highland,Scotland,NC 366 665,236600,966500,58.55638889,-4.808888889,M,539,TRUE,live stranded,freshly dead- died on beach (code 2a),TRUE,M168.15/11,"live stranding, capture myopathy",Live Stranding,Others,SW2011/303
Cetacean,Multiple,39,SW2011/303.16,Globicephala melas,Long-finned pilot whale,FALSE,7/22/11,exact,2011,"Kyle of Durness, Sarsgrum  ",Highland,Highland,Scotland,NC 378 643,237800,964300,58.53722222,-4.788055556,F,445,TRUE,live stranded,freshly dead- died on beach (code 2a),TRUE,M168.16/11,live stranding and drowning,Live Stranding,Others,SW2011/303
Cetacean,Multiple,39,SW2011/303.18,Globicephala melas,Long-finned pilot whale,FALSE,7/22/11,exact,2011,"Kyle of Durness, Sarsgrum  ",Highland,Highland,Scotland,NC 374 641,237400,964100,58.535,-4.793888889,U,N/A,TRUE,live stranded,freshly dead- died on beach (code 2a),FALSE,,,,,SW2011/303
Cetacean,Multiple,39,SW2011/303.19,Globicephala melas,Long-finned pilot whale,FALSE,7/22/11,exact,2011,"Kyle of Durness, Sarsgrum  ",Highland,Highland,Scotland,NC 374 641,237400,964100,58.535,-4.793888889,U,N/A,TRUE,live stranded,freshly dead- died on beach (code 2a),FALSE,,,,,SW2011/303
Cetacean,Multiple,39,SW2011/303.2,Globicephala melas,Long-finned pilot whale,FALSE,7/22/11,exact,2011,"Kyle of Durness, Sarsgrum  ",Highland,Highland,Scotland,NC 374 640,237400,964000,58.53361111,-4.793611111,M,283,TRUE,live stranded,freshly dead- died on beach (code 2a),TRUE,M168.2/11,"live stranding, euthanasia",Live Stranding,Others,SW2011/303
Cetacean,Multiple,39,SW2011/303.20,Globicephala melas,Long-finned pilot whale,FALSE,7/22/11,exact,2011,"Kyle of Durness, Sarsgrum  ",Highland,Highland,Scotland,NC 374 641,237400,964100,58.535,-4.793888889,U,N/A,TRUE,live stranded,alive- refloated (code 1),FALSE,,,,,SW2011/303
Cetacean,Multiple,39,SW2011/303.21,Globicephala melas,Long-finned pilot whale,FALSE,7/22/11,exact,2011,"Kyle of Durness, Sarsgrum  ",Highland,Highland,Scotland,NC 374 641,237400,964100,58.535,-4.793888889,U,N/A,TRUE,live stranded,alive- refloated (code 1),FALSE,,,,,SW2011/303
Cetacean,Multiple,39,SW2011/303.22,Globicephala melas,Long-finned pilot whale,FALSE,7/22/11,exact,2011,"Kyle of Durness, Sarsgrum  ",Highland,Highland,Scotland,NC 374 641,237400,964100,58.535,-4.793888889,U,N/A,TRUE,live stranded,alive- refloated (code 1),FALSE,,,,,SW2011/303
Cetacean,Multiple,39,SW2011/303.23,Globicephala melas,Long-finned pilot whale,FALSE,7/22/11,exact,2011,"Kyle of Durness, Sarsgrum  ",Highland,Highland,Scotland,NC 374 641,237400,964100,58.535,-4.793888889,U,N/A,TRUE,live stranded,alive- refloated (code 1),FALSE,,,,,SW2011/303
Cetacean,Multiple,39,SW2011/303.24,Globicephala melas,Long-finned pilot whale,FALSE,7/22/11,exact,2011,"Kyle of Durness, Sarsgrum  ",Highland,Highland,Scotland,NC 374 641,237400,964100,58.535,-4.793888889,U,N/A,TRUE,live stranded,alive- refloated (code 1),FALSE,,,,,SW2011/303
Cetacean,Multiple,39,SW2011/303.25,Globicephala melas,Long-finned pilot whale,FALSE,7/22/11,exact,2011,"Kyle of Durness, Sarsgrum  ",Highland,Highland,Scotland,NC 374 641,237400,964100,58.535,-4.793888889,U,N/A,TRUE,live stranded,alive- refloated (code 1),FALSE,,,,,SW2011/303
Cetacean,Multiple,39,SW2011/303.26,Globicephala melas,Long-finned pilot whale,FALSE,7/22/11,exact,2011,"Kyle of Durness, Sarsgrum  ",Highland,Highland,Scotland,NC 374 641,237400,964100,58.535,-4.793888889,U,N/A,TRUE,live stranded,alive- refloated (code 1),FALSE,,,,,SW2011/303
Cetacean,Multiple,39,SW2011/303.27,Globicephala melas,Long-finned pilot whale,FALSE,7/22/11,exact,2011,"Kyle of Durness, Sarsgrum  ",Highland,Highland,Scotland,NC 374 641,237400,964100,58.535,-4.793888889,U,N/A,TRUE,live stranded,alive- refloated (code 1),FALSE,,,,,SW2011/303
Cetacean,Multiple,39,SW2011/303.28,Globicephala melas,Long-finned pilot whale,FALSE,7/22/11,exact,2011,"Kyle of Durness, Sarsgrum  ",Highland,Highland,Scotland,NC 374 641,237400,964100,58.535,-4.793888889,U,N/A,TRUE,live stranded,alive- refloated (code 1),FALSE,,,,,SW2011/303
Cetacean,Multiple,39,SW2011/303.29,Globicephala melas,Long-finned pilot whale,FALSE,7/22/11,exact,2011,"Kyle of Durness, Sarsgrum  ",Highland,Highland,Scotland,NC 374 641,237400,964100,58.535,-4.793888889,U,N/A,TRUE,live stranded,alive- refloated (code 1),FALSE,,,,,SW2011/303
Cetacean,Multiple,39,SW2011/303.3,Globicephala melas,Long-finned pilot whale,FALSE,7/22/11,exact,2011,"Kyle of Durness, Sarsgrum  ",Highland,Highland,Scotland,NC 366 666,236600,966600,58.55722222,-4.809166667,F,438,FALSE,live stranded,freshly dead- died on beach (code 2a),TRUE,M168.3/11,"live stranding, drowning",Live Stranding,Others,SW2011/303
Cetacean,Multiple,39,SW2011/303.30,Globicephala melas,Long-finned pilot whale,FALSE,7/22/11,exact,2011,"Kyle of Durness, Sarsgrum  ",Highland,Highland,Scotland,NC 374 641,237400,964100,58.535,-4.793888889,U,N/A,TRUE,live stranded,alive- refloated (code 1),FALSE,,,,,SW2011/303
Cetacean,Multiple,39,SW2011/303.31,Globicephala melas,Long-finned pilot whale,FALSE,7/22/11,exact,2011,"Kyle of Durness, Sarsgrum  ",Highland,Highland,Scotland,NC 374 641,237400,964100,58.535,-4.793888889,U,N/A,TRUE,live stranded,alive- refloated (code 1),FALSE,,,,,SW2011/303
Cetacean,Multiple,39,SW2011/303.32,Globicephala melas,Long-finned pilot whale,FALSE,7/22/11,exact,2011,"Kyle of Durness, Sarsgrum  ",Highland,Highland,Scotland,NC 374 641,237400,964100,58.535,-4.793888889,U,N/A,TRUE,live stranded,alive- refloated (code 1),FALSE,,,,,SW2011/303
Cetacean,Multiple,39,SW2011/303.33,Globicephala melas,Long-finned pilot whale,FALSE,7/22/11,exact,2011,"Kyle of Durness, Sarsgrum  ",Highland,Highland,Scotland,NC 374 641,237400,964100,58.535,-4.793888889,U,N/A,TRUE,live stranded,alive- refloated (code 1),FALSE,,,,,SW2011/303
Cetacean,Multiple,39,SW2011/303.34,Globicephala melas,Long-finned pilot whale,FALSE,7/22/11,exact,2011,"Kyle of Durness, Sarsgrum  ",Highland,Highland,Scotland,NC 374 641,237400,964100,58.535,-4.793888889,U,N/A,TRUE,live stranded,alive- refloated (code 1),FALSE,,,,,SW2011/303
Cetacean,Multiple,39,SW2011/303.35,Globicephala melas,Long-finned pilot whale,FALSE,7/22/11,exact,2011,"Kyle of Durness, Sarsgrum  ",Highland,Highland,Scotland,NC 374 641,237400,964100,58.535,-4.793888889,U,N/A,TRUE,live stranded,alive- refloated (code 1),FALSE,,,,,SW2011/303
Cetacean,Multiple,39,SW2011/303.36,Globicephala melas,Long-finned pilot whale,FALSE,7/22/11,exact,2011,"Kyle of Durness, Sarsgrum  ",Highland,Highland,Scotland,NC 374 641,237400,964100,58.535,-4.793888889,U,N/A,TRUE,live stranded,alive- refloated (code 1),FALSE,,,,,SW2011/303
Cetacean,Multiple,39,SW2011/303.37,Globicephala melas,Long-finned pilot whale,FALSE,7/22/11,exact,2011,"Kyle of Durness, Sarsgrum  ",Highland,Highland,Scotland,NC 374 641,237400,964100,58.535,-4.793888889,U,N/A,TRUE,live stranded,alive- refloated (code 1),FALSE,,,,,SW2011/303
Cetacean,Multiple,39,SW2011/303.38,Globicephala melas,Long-finned pilot whale,FALSE,7/22/11,exact,2011,"Kyle of Durness, Sarsgrum  ",Highland,Highland,Scotland,NC 374 641,237400,964100,58.535,-4.793888889,U,N/A,TRUE,live stranded,alive- refloated (code 1),FALSE,,,,,SW2011/303
Cetacean,Multiple,39,SW2011/303.39,Globicephala melas,Long-finned pilot whale,FALSE,7/22/11,exact,2011,"Kyle of Durness, Sarsgrum  ",Highland,Highland,Scotland,NC 374 641,237400,964100,58.535,-4.793888889,U,N/A,TRUE,live stranded,alive- refloated (code 1),FALSE,,,,,SW2011/303
Cetacean,Multiple,39,SW2011/303.4,Globicephala melas,Long-finned pilot whale,FALSE,7/22/11,exact,2011,"Kyle of Durness, Sarsgrum  ",Highland,Highland,Scotland,NC 366 666,236600,966600,58.55722222,-4.809166667,F,408,TRUE,live stranded,freshly dead- died on beach (code 2a),TRUE,M168.4/11,live stranding,Live Stranding,Others,SW2011/303
Cetacean,Multiple,39,SW2011/303.5,Globicephala melas,Long-finned pilot whale,FALSE,7/22/11,exact,2011,"Kyle of Durness, Sarsgrum  ",Highland,Highland,Scotland,NC 383 654,238300,965400,58.54722222,-4.778888889,M,530,TRUE,live stranded,freshly dead- died on beach (code 2a),TRUE,M168.5/11,"live stranding, underlying pectoral abcess, systemic brucella infection",Generalised Bacterial Infection,Infectious Disease,SW2011/303
Cetacean,Multiple,39,SW2011/303.6,Globicephala melas,Long-finned pilot whale,FALSE,7/22/11,exact,2011,"Kyle of Durness, Sarsgrum  ",Highland,Highland,Scotland,NC 382 651,238200,965100,58.54388889,-4.780277778,F,457,TRUE,live stranded,freshly dead- died on beach (code 2a),TRUE,M168.6/11,"live stranding, some myoglobinurea/capture myopathy",Live Stranding,Others,SW2011/303
Cetacean,Multiple,39,SW2011/303.7,Globicephala melas,Long-finned pilot whale,FALSE,7/22/11,exact,2011,"Kyle of Durness, Sarsgrum  ",Highland,Highland,Scotland,NC 374 640,237400,964000,58.53361111,-4.793611111,M,554,TRUE,live stranded,freshly dead- died on beach (code 2a),TRUE,M168.7/11,live stranding and hyperthermia,Live Stranding,Others,SW2011/303
Cetacean,Multiple,39,SW2011/303.8,Globicephala melas,Long-finned pilot whale,FALSE,7/22/11,exact,2011,"Kyle of Durness, Sarsgrum  ",Highland,Highland,Scotland,NC 382 651,238200,965100,58.54416667,-4.780277778,M,373,TRUE,live stranded,freshly dead- died on beach (code 2a),TRUE,M168.8/11,live stranding and likely drowning,Live Stranding,Others,SW2011/303
Cetacean,Multiple,39,SW2011/303.9,Globicephala melas,Long-finned pilot whale,FALSE,7/22/11,exact,2011,"Kyle of Durness, Sarsgrum  ",Highland,Highland,Scotland,NC 374 639,237400,963900,58.53305556,-4.794444444,M,555,TRUE,live stranded,freshly dead- died on beach (code 2a),TRUE,M168.9/11,live stranding and euthanasia,Live Stranding,Others,SW2011/303
Cetacean,Multiple,31,SW2012/370.1,Globicephala melas,Long-finned pilot whale,FALSE,9/2/12,exact,2012,Pittenweem,Fife,Fife,Scotland,NO 555 027,355500,702700,56.215,-2.718055556,F,291,FALSE,live stranded,freshly dead- died on beach (code 2a),TRUE,M280.1/12,live stranding,Live Stranding,Others,SW2012/370
Cetacean,Multiple,31,SW2012/370.10,Globicephala melas,Long-finned pilot whale,FALSE,9/2/12,exact,2012,Pittenweem,Fife,Fife,Scotland,NO 555 027,355500,702700,56.215,-2.718055556,F,291,FALSE,live stranded,freshly dead- died on beach (code 2a),TRUE,M280.10/12,live stranding,Live Stranding,Others,SW2012/370
Cetacean,Multiple,31,SW2012/370.11,Globicephala melas,Long-finned pilot whale,FALSE,9/2/12,exact,2012,Pittenweem,Fife,Fife,Scotland,NO 555 027,355500,702700,56.215,-2.718055556,F,445,FALSE,live stranded,freshly dead- died on beach (code 2a),TRUE,M280.11/12,live stranding,Live Stranding,Others,SW2012/370
Cetacean,Multiple,31,SW2012/370.12,Globicephala melas,Long-finned pilot whale,FALSE,9/2/12,exact,2012,Pittenweem,Fife,Fife,Scotland,NO 555 027,355500,702700,56.215,-2.718055556,F,315,FALSE,live stranded,freshly dead- died on beach (code 2a),TRUE,M280.12/12,live stranding,Live Stranding,Others,SW2012/370
Cetacean,Multiple,31,SW2012/370.13,Globicephala melas,Long-finned pilot whale,FALSE,9/2/12,exact,2012,Pittenweem,Fife,Fife,Scotland,NO 555 027,355500,702700,56.215,-2.718055556,F,360,FALSE,live stranded,freshly dead- died on beach (code 2a),TRUE,M280.13/12,live stranding,Live Stranding,Others,SW2012/370
Cetacean,Multiple,31,SW2012/370.14,Globicephala melas,Long-finned pilot whale,FALSE,9/2/12,exact,2012,Pittenweem,Fife,Fife,Scotland,NO 555 027,355500,702700,56.215,-2.718055556,M,296,FALSE,live stranded,freshly dead- died on beach (code 2a),TRUE,M280.14/12,live stranding,Live Stranding,Others,SW2012/370
Cetacean,Multiple,31,SW2012/370.15,Globicephala melas,Long-finned pilot whale,FALSE,9/2/12,exact,2012,Pittenweem,Fife,Fife,Scotland,NO 555 027,355500,702700,56.215,-2.718055556,F,462,FALSE,live stranded,freshly dead- died on beach (code 2a),TRUE,M280.15/12,live stranding,Live Stranding,Others,SW2012/370
Cetacean,Multiple,31,SW2012/370.16,Globicephala melas,Long-finned pilot whale,FALSE,9/2/12,exact,2012,Pittenweem,Fife,Fife,Scotland,NO 555 027,355500,702700,56.215,-2.718055556,M,318,FALSE,live stranded,freshly dead- died on beach (code 2a),TRUE,M280.16/12,live stranding,Live Stranding,Others,SW2012/370
Cetacean,Multiple,31,SW2012/370.17,Globicephala melas,Long-finned pilot whale,FALSE,9/2/12,exact,2012,Pittenweem,Fife,Fife,Scotland,NO 555 027,355500,702700,56.215,-2.718055556,M,287,FALSE,live stranded,freshly dead- died on beach (code 2a),TRUE,M280.17/12,live stranding,Live Stranding,Others,SW2012/370
Cetacean,Multiple,31,SW2012/370.18,Globicephala melas,Long-finned pilot whale,FALSE,9/2/12,exact,2012,Pittenweem,Fife,Fife,Scotland,NO 555 027,355500,702700,56.215,-2.718055556,F,440,FALSE,live stranded,freshly dead- died on beach (code 2a),TRUE,M280.18/12,live stranding (mass stranding),Live Stranding,Others,SW2012/370
Cetacean,Multiple,31,SW2012/370.19,Globicephala melas,Long-finned pilot whale,FALSE,9/2/12,exact,2012,Pittenweem,Fife,Fife,Scotland,NO 555 027,355500,702700,56.215,-2.718055556,M,444,FALSE,live stranded,freshly dead- died on beach (code 2a),TRUE,M280.19/12,live stranding (mass stranding),Live Stranding,Others,SW2012/370
Cetacean,Multiple,31,SW2012/370.2,Globicephala melas,Long-finned pilot whale,FALSE,9/2/12,exact,2012,Pittenweem,Fife,Fife,Scotland,NO 555 027,355500,702700,56.215,-2.718055556,F,420,FALSE,live stranded,freshly dead- died on beach (code 2a),TRUE,M280.2/12,live stranding,Live Stranding,Others,SW2012/370
Cetacean,Multiple,31,SW2012/370.20,Globicephala melas,Long-finned pilot whale,FALSE,9/2/12,exact,2012,Pittenweem,Fife,Fife,Scotland,NO 555 027,355500,702700,56.215,-2.718055556,F,435,FALSE,live stranded,freshly dead- died on beach (code 2a),TRUE,M280.20/12,live stranding (mass stranding),Live Stranding,Others,SW2012/370
Cetacean,Multiple,31,SW2012/370.21,Globicephala melas,Long-finned pilot whale,FALSE,9/2/12,exact,2012,Pittenweem,Fife,Fife,Scotland,NO 555 027,355500,702700,56.215,-2.718055556,M,538,FALSE,live stranded,freshly dead- died on beach (code 2a),TRUE,M280.21/12,live stranding (mass stranding),Live Stranding,Others,SW2012/370
Cetacean,Multiple,31,SW2012/370.22,Globicephala melas,Long-finned pilot whale,FALSE,9/2/12,exact,2012,Pittenweem,Fife,Fife,Scotland,NO 555 027,355500,702700,56.215,-2.718055556,U,N/A,TRUE,live stranded,alive- refloated (code 1),FALSE,,,,,SW2012/370
Cetacean,Multiple,31,SW2012/370.23,Globicephala melas,Long-finned pilot whale,FALSE,9/2/12,exact,2012,Pittenweem,Fife,Fife,Scotland,NO 555 027,355500,702700,56.215,-2.718055556,U,N/A,TRUE,live stranded,alive- refloated (code 1),FALSE,,,,,SW2012/370
Cetacean,Multiple,31,SW2012/370.24,Globicephala melas,Long-finned pilot whale,FALSE,9/2/12,exact,2012,Pittenweem,Fife,Fife,Scotland,NO 555 027,355500,702700,56.215,-2.718055556,U,N/A,TRUE,live stranded,alive- refloated (code 1),FALSE,,,,,SW2012/370
Cetacean,Multiple,31,SW2012/370.25,Globicephala melas,Long-finned pilot whale,FALSE,9/2/12,exact,2012,Pittenweem,Fife,Fife,Scotland,NO 555 027,355500,702700,56.215,-2.718055556,U,N/A,TRUE,live stranded,alive- refloated (code 1),FALSE,,,,,SW2012/370
Cetacean,Multiple,31,SW2012/370.26,Globicephala melas,Long-finned pilot whale,FALSE,9/2/12,exact,2012,Pittenweem,Fife,Fife,Scotland,NO 555 027,355500,702700,56.215,-2.718055556,U,N/A,TRUE,live stranded,alive- refloated (code 1),FALSE,,,,,SW2012/370
Cetacean,Multiple,31,SW2012/370.27,Globicephala melas,Long-finned pilot whale,FALSE,9/2/12,exact,2012,Pittenweem,Fife,Fife,Scotland,NO 555 027,355500,702700,56.215,-2.718055556,U,N/A,TRUE,live stranded,alive- refloated (code 1),FALSE,,,,,SW2012/370
Cetacean,Multiple,31,SW2012/370.28,Globicephala melas,Long-finned pilot whale,FALSE,9/2/12,exact,2012,Pittenweem,Fife,Fife,Scotland,NO 555 027,355500,702700,56.215,-2.718055556,U,N/A,TRUE,live stranded,alive- refloated (code 1),FALSE,,,,,SW2012/370
Cetacean,Multiple,31,SW2012/370.29,Globicephala melas,Long-finned pilot whale,FALSE,9/2/12,exact,2012,Pittenweem,Fife,Fife,Scotland,NO 555 027,355500,702700,56.215,-2.718055556,U,N/A,TRUE,live stranded,alive- refloated (code 1),FALSE,,,,,SW2012/370
Cetacean,Multiple,31,SW2012/370.3,Globicephala melas,Long-finned pilot whale,FALSE,9/2/12,exact,2012,Pittenweem,Fife,Fife,Scotland,NO 555 027,355500,702700,56.215,-2.718055556,F,389,FALSE,live stranded,freshly dead- died on beach (code 2a),TRUE,M280.3/12,live stranding,Live Stranding,Others,SW2012/370
Cetacean,Multiple,31,SW2012/370.30,Globicephala melas,Long-finned pilot whale,FALSE,9/2/12,exact,2012,Pittenweem,Fife,Fife,Scotland,NO 555 027,355500,702700,56.215,-2.718055556,U,N/A,TRUE,live stranded,alive- refloated (code 1),FALSE,,,,,SW2012/370
Cetacean,Multiple,31,SW2012/370.31,Globicephala melas,Long-finned pilot whale,FALSE,9/2/12,exact,2012,Pittenweem,Fife,Fife,Scotland,NO 555 027,355500,702700,56.215,-2.718055556,U,N/A,TRUE,live stranded,alive- refloated (code 1),FALSE,,,,,SW2012/370
Cetacean,Multiple,31,SW2012/370.4,Globicephala melas,Long-finned pilot whale,FALSE,9/2/12,exact,2012,Pittenweem,Fife,Fife,Scotland,NO 555 027,355500,702700,56.215,-2.718055556,F,420,FALSE,live stranded,freshly dead- died on beach (code 2a),TRUE,M280.4/12,live stranding,Live Stranding,Others,SW2012/370
Cetacean,Multiple,31,SW2012/370.5,Globicephala melas,Long-finned pilot whale,FALSE,9/2/12,exact,2012,Pittenweem,Fife,Fife,Scotland,NO 555 027,355500,702700,56.215,-2.718055556,F,411,FALSE,live stranded,freshly dead- died on beach (code 2a),TRUE,M280.5/12,live stranding,Live Stranding,Others,SW2012/370
Cetacean,Multiple,31,SW2012/370.6,Globicephala melas,Long-finned pilot whale,FALSE,9/2/12,exact,2012,Pittenweem,Fife,Fife,Scotland,NO 555 027,355500,702700,56.215,-2.718055556,F,192,FALSE,live stranded,freshly dead- died on beach (code 2a),TRUE,M280.6/12,live stranding,Live Stranding,Others,SW2012/370
Cetacean,Multiple,31,SW2012/370.7,Globicephala melas,Long-finned pilot whale,FALSE,9/2/12,exact,2012,Pittenweem,Fife,Fife,Scotland,NO 555 027,355500,702700,56.215,-2.718055556,F,191,FALSE,live stranded,freshly dead- died on beach (code 2a),TRUE,M280.7/12,live stranding,Live Stranding,Others,SW2012/370
Cetacean,Multiple,31,SW2012/370.8,Globicephala melas,Long-finned pilot whale,FALSE,9/2/12,exact,2012,Pittenweem,Fife,Fife,Scotland,NO 555 027,355500,702700,56.215,-2.718055556,F,194,FALSE,live stranded,freshly dead- died on beach (code 2a),TRUE,M280.8/12,live stranding,Live Stranding,Others,SW2012/370
Cetacean,Multiple,31,SW2012/370.9,Globicephala melas,Long-finned pilot whale,FALSE,9/2/12,exact,2012,Pittenweem,Fife,Fife,Scotland,NO 555 027,355500,702700,56.215,-2.718055556,M,333,FALSE,live stranded,freshly dead- died on beach (code 2a),TRUE,M280.9/12,live stranding,Live Stranding,Others,SW2012/370
Cetacean,Multiple,3,SW2012/479.3,Lagenorhynchus albirostris,White-beaked dolphin,FALSE,11/9/12,exact,2012,Gott Bay Tiree,Argyll and Bute,Strathclyde,Scotland,NM 050 472,105000,747200,56.52444444,-6.798333333,F,200,TRUE,live stranded,alive- refloated (code 1),FALSE,,,,,SW2012/479
Cetacean,Multiple,3,SW2013/231.1,Globicephala melas,Long-finned pilot whale,FALSE,4/24/13,exact,2013,Portmahomack,Highland,Highland,Scotland,NH 912 841,291200,884100,57.83361111,-3.833055556,M,453,FALSE,live stranded,freshly dead- died on beach (code 2a),TRUE,M132.1/13,live stranding,Live Stranding,Others,SW2013/231
Cetacean,Multiple,3,SW2013/231.2,Globicephala melas,Long-finned pilot whale,FALSE,4/24/13,exact,2013,Portmahomack,Highland,Highland,Scotland,NH 912 841,291200,884100,57.83361111,-3.833055556,U,N/A,TRUE,live stranded,alive- refloated (code 1),FALSE,,,,,SW2013/231
Cetacean,Multiple,14,SW2014/244.1,Delphinus delphis,Short-beaked common dolphin,FALSE,7/24/14,exact,2014,"Laggan Sands, Loch Buie, Mull.",Argyll and Bute,Strathclyde,Scotland,NM 622 243,162200,724300,56.35166667,-5.848888889,M,215,FALSE,live stranded,freshly dead- died on beach (code 2a),FALSE,,,,,SW2014/244
Cetacean,Multiple,14,SW2014/244.10,Delphinus delphis,Short-beaked common dolphin,FALSE,7/24/14,exact,2014,"Laggan Sands, Loch Buie, Mull.",Argyll and Bute,Strathclyde,Scotland,NM 622 243,162200,724300,56.35166667,-5.848888889,U,N/A,TRUE,live stranded,alive- refloated (code 1),FALSE,,,,,SW2014/244
Cetacean,Multiple,14,SW2014/244.11,Delphinus delphis,Short-beaked common dolphin,FALSE,7/24/14,exact,2014,"Laggan Sands, Loch Buie, Mull.",Argyll and Bute,Strathclyde,Scotland,NM 622 243,162200,724300,56.35166667,-5.848888889,U,N/A,TRUE,live stranded,alive- refloated (code 1),FALSE,,,,,SW2014/244
Cetacean,Multiple,14,SW2014/244.12,Delphinus delphis,Short-beaked common dolphin,FALSE,7/24/14,exact,2014,"Laggan Sands, Loch Buie, Mull.",Argyll and Bute,Strathclyde,Scotland,NM 622 243,162200,724300,56.35166667,-5.848888889,U,N/A,TRUE,live stranded,alive- refloated (code 1),FALSE,,,,,SW2014/244
Cetacean,Multiple,14,SW2014/244.13,Delphinus delphis,Short-beaked common dolphin,FALSE,7/24/14,exact,2014,"Laggan Sands, Loch Buie, Mull.",Argyll and Bute,Strathclyde,Scotland,NM 622 243,162200,724300,56.35166667,-5.848888889,U,N/A,TRUE,live stranded,alive- refloated (code 1),FALSE,,,,,SW2014/244
Cetacean,Multiple,14,SW2014/244.14,Delphinus delphis,Short-beaked common dolphin,FALSE,7/24/14,exact,2014,"Laggan Sands, Loch Buie, Mull.",Argyll and Bute,Strathclyde,Scotland,NM 622 243,162200,724300,56.35166667,-5.848888889,U,N/A,TRUE,live stranded,alive- refloated (code 1),FALSE,,,,,SW2014/244
Cetacean,Multiple,14,SW2014/244.2,Delphinus delphis,Short-beaked common dolphin,FALSE,7/24/14,exact,2014,"Laggan Sands, Loch Buie, Mull.",Argyll and Bute,Strathclyde,Scotland,NM 622 243,162200,724300,56.35166667,-5.848888889,M,200,FALSE,live stranded,freshly dead- died on beach (code 2a),FALSE,,,,,SW2014/244
Cetacean,Multiple,14,SW2014/244.3,Delphinus delphis,Short-beaked common dolphin,FALSE,7/24/14,exact,2014,"Laggan Sands, Loch Buie, Mull.",Argyll and Bute,Strathclyde,Scotland,NM 622 243,162200,724300,56.35166667,-5.848888889,U,N/A,TRUE,live stranded,alive- refloated (code 1),FALSE,,,,,SW2014/244
Cetacean,Multiple,14,SW2014/244.4,Delphinus delphis,Short-beaked common dolphin,FALSE,7/24/14,exact,2014,"Laggan Sands, Loch Buie, Mull.",Argyll and Bute,Strathclyde,Scotland,NM 622 243,162200,724300,56.35166667,-5.848888889,U,N/A,TRUE,live stranded,alive- refloated (code 1),FALSE,,,,,SW2014/244
Cetacean,Multiple,14,SW2014/244.5,Delphinus delphis,Short-beaked common dolphin,FALSE,7/24/14,exact,2014,"Laggan Sands, Loch Buie, Mull.",Argyll and Bute,Strathclyde,Scotland,NM 622 243,162200,724300,56.35166667,-5.848888889,U,N/A,TRUE,live stranded,alive- refloated (code 1),FALSE,,,,,SW2014/244
Cetacean,Multiple,14,SW2014/244.6,Delphinus delphis,Short-beaked common dolphin,FALSE,7/24/14,exact,2014,"Laggan Sands, Loch Buie, Mull.",Argyll and Bute,Strathclyde,Scotland,NM 622 243,162200,724300,56.35166667,-5.848888889,U,N/A,TRUE,live stranded,alive- refloated (code 1),FALSE,,,,,SW2014/244
Cetacean,Multiple,14,SW2014/244.7,Delphinus delphis,Short-beaked common dolphin,FALSE,7/24/14,exact,2014,"Laggan Sands, Loch Buie, Mull.",Argyll and Bute,Strathclyde,Scotland,NM 622 243,162200,724300,56.35166667,-5.848888889,U,N/A,TRUE,live stranded,alive- refloated (code 1),FALSE,,,,,SW2014/244
Cetacean,Multiple,14,SW2014/244.8,Delphinus delphis,Short-beaked common dolphin,FALSE,7/24/14,exact,2014,"Laggan Sands, Loch Buie, Mull.",Argyll and Bute,Strathclyde,Scotland,NM 622 243,162200,724300,56.35166667,-5.848888889,U,N/A,TRUE,live stranded,alive- refloated (code 1),FALSE,,,,,SW2014/244
Cetacean,Multiple,14,SW2014/244.9,Delphinus delphis,Short-beaked common dolphin,FALSE,7/24/14,exact,2014,"Laggan Sands, Loch Buie, Mull.",Argyll and Bute,Strathclyde,Scotland,NM 622 243,162200,724300,56.35166667,-5.848888889,U,N/A,TRUE,live stranded,alive- refloated (code 1),FALSE,,,,,SW2014/244
Cetacean,Multiple,21,SW2015/181.1,Globicephala melas,Long-finned pilot whale,FALSE,6/2/15,exact,2015,"Brogaig, Skye",Highland,Highland,Scotland,NG 475 685,147500,868500,57.63611111,-6.231111111,F,414,FALSE,live stranded,freshly dead- died on beach (code 2a),TRUE,M161.1/15,live stranding,Live Stranding,Others,SW2015/181
Cetacean,Multiple,21,SW2015/181.10,Globicephala melas,Long-finned pilot whale,FALSE,6/2/15,exact,2015,"Staffin Island, Skye.",Highland,Highland,Scotland,NG 493 688,149300,868800,57.63944444,-6.201944444,U,N/A,TRUE,live stranded,alive- refloated (code 1),FALSE,,,,,SW2015/181
Cetacean,Multiple,21,SW2015/181.11,Globicephala melas,Long-finned pilot whale,FALSE,6/2/15,exact,2015,"Staffin Island, Skye.",Highland,Highland,Scotland,NG 494 689,149400,868900,57.64027778,-6.200833333,U,N/A,TRUE,live stranded,alive- refloated (code 1),FALSE,,,,,SW2015/181
Cetacean,Multiple,21,SW2015/181.12,Globicephala melas,Long-finned pilot whale,FALSE,6/2/15,exact,2015,"Staffin Island, Skye.",Highland,Highland,Scotland,NG 493 689,149300,868900,57.64027778,-6.201111111,U,N/A,TRUE,live stranded,alive- refloated (code 1),FALSE,,,,,SW2015/181
Cetacean,Multiple,21,SW2015/181.13,Globicephala melas,Long-finned pilot whale,FALSE,6/2/15,exact,2015,"Staffin Island, Skye.",Highland,Highland,Scotland,NG 494 687,149400,868700,57.63916667,-6.199722222,U,N/A,TRUE,live stranded,alive- refloated (code 1),FALSE,,,,,SW2015/181
Cetacean,Multiple,21,SW2015/181.14,Globicephala melas,Long-finned pilot whale,FALSE,6/2/15,exact,2015,"Brogaig, Skye.",Highland,Highland,Scotland,NG 474 686,147400,868600,57.63666667,-6.233333333,U,N/A,TRUE,live stranded,alive- refloated (code 1),FALSE,,,,,SW2015/181
Cetacean,Multiple,21,SW2015/181.15,Globicephala melas,Long-finned pilot whale,FALSE,6/2/15,exact,2015,"Brogaig, Skye.",Highland,Highland,Scotland,NG 474 686,147400,868600,57.63666667,-6.233055556,U,N/A,TRUE,live stranded,alive- refloated (code 1),FALSE,,,,,SW2015/181
Cetacean,Multiple,21,SW2015/181.16,Globicephala melas,Long-finned pilot whale,FALSE,6/2/15,exact,2015,"Brogaig, Skye.",Highland,Highland,Scotland,NG 474 686,147400,868600,57.63666667,-6.233055556,U,N/A,TRUE,live stranded,alive- refloated (code 1),FALSE,,,,,SW2015/181
Cetacean,Multiple,21,SW2015/181.17,Globicephala melas,Long-finned pilot whale,FALSE,6/2/15,exact,2015,"Brogaig, Skye.",Highland,Highland,Scotland,NG 474 686,147400,868600,57.63666667,-6.233333333,U,N/A,TRUE,live stranded,alive- refloated (code 1),FALSE,,,,,SW2015/181
Cetacean,Multiple,21,SW2015/181.18,Globicephala melas,Long-finned pilot whale,FALSE,6/2/15,exact,2015,"Brogaig, Skye.",Highland,Highland,Scotland,NG 474 686,147400,868600,57.63638889,-6.232777778,U,N/A,TRUE,live stranded,alive- refloated (code 1),FALSE,,,,,SW2015/181
Cetacean,Multiple,21,SW2015/181.19,Globicephala melas,Long-finned pilot whale,FALSE,6/2/15,exact,2015,"Brogaig, Skye.",Highland,Highland,Scotland,NG 474 686,147400,868600,57.63638889,-6.232777778,U,N/A,TRUE,live stranded,alive- refloated (code 1),FALSE,,,,,SW2015/181
Cetacean,Multiple,21,SW2015/181.2,Globicephala melas,Long-finned pilot whale,FALSE,6/2/15,exact,2015,"Staffin Island, Skye",Highland,Highland,Scotland,NG 495 688,149500,868800,57.64,-6.198888889,F,388,FALSE,live stranded,freshly dead- died on beach (code 2a),TRUE,M161.2/15,live stranding,Live Stranding,Others,SW2015/181
Cetacean,Multiple,21,SW2015/181.20,Globicephala melas,Long-finned pilot whale,FALSE,6/2/15,exact,2015,"Brogaig, Skye.",Highland,Highland,Scotland,NG 474 686,147400,868600,57.63638889,-6.232777778,U,N/A,TRUE,live stranded,alive- refloated (code 1),FALSE,,,,,SW2015/181
Cetacean,Multiple,21,SW2015/181.21,Globicephala melas,Long-finned pilot whale,FALSE,6/2/15,exact,2015,"Brogaig, Skye.",Highland,Highland,Scotland,NG 474 686,147400,868600,57.63638889,-6.232777778,U,N/A,TRUE,live stranded,alive- refloated (code 1),FALSE,,,,,SW2015/181
Cetacean,Multiple,21,SW2015/181.3,Globicephala melas,Long-finned pilot whale,FALSE,6/2/15,exact,2015,"Staffin Island, Skye",Highland,Highland,Scotland,NG 494 688,149400,868800,57.64,-6.199444444,F,424,FALSE,live stranded,freshly dead- died on beach (code 2a),TRUE,M161.3/15,live stranding,Live Stranding,Others,SW2015/181
Cetacean,Multiple,21,SW2015/181.4,Globicephala melas,Long-finned pilot whale,FALSE,6/2/15,exact,2015,"Staffin Island, Skye",Highland,Highland,Scotland,NG 492 688,149200,868800,57.63944444,-6.2025,F,302,FALSE,live stranded,freshly dead- died on beach (code 2a),TRUE,M161.4/15,live stranding,Live Stranding,Others,SW2015/181
Cetacean,Multiple,21,SW2015/181.5,Globicephala melas,Long-finned pilot whale,FALSE,6/2/15,exact,2015,"Staffin Island, Skye.",Highland,Highland,Scotland,NG 492 688,149200,868800,57.63944444,-6.2025,F,250,FALSE,live stranded,freshly dead- died on beach (code 2a),TRUE,M161.5/15,live stranding,Live Stranding,Others,SW2015/181
Cetacean,Multiple,21,SW2015/181.6,Globicephala melas,Long-finned pilot whale,FALSE,6/2/15,exact,2015,"Brogaig, Skye",Highland,Highland,Scotland,NG 474 686,147400,868600,57.63638889,-6.233055556,F,418,FALSE,live stranded,freshly dead- died on beach (code 2a),TRUE,M161.6/15,dystocia leading to live stranding.,Dystocia & Stillborn,Trauma,SW2015/181
Cetacean,Multiple,21,SW2015/181.7,Globicephala melas,Long-finned pilot whale,FALSE,6/2/15,exact,2015,"Brogaig, Skye",Highland,Highland,Scotland,NG 473 690,147300,869000,57.64027778,-6.235277778,F,350,FALSE,live stranded,freshly dead- died on beach (code 2a),TRUE,M161.7/15,live stranding,Live Stranding,Others,SW2015/181
Cetacean,Multiple,21,SW2015/181.8,Globicephala melas,Long-finned pilot whale,FALSE,6/2/15,exact,2015,"Staffin Island, Skye.",Highland,Highland,Scotland,NG 473 690,147300,869000,57.64027778,-6.235277778,U,N/A,TRUE,live stranded,alive- refloated (code 1),FALSE,,,,,SW2015/181
Cetacean,Multiple,21,SW2015/181.9,Globicephala melas,Long-finned pilot whale,FALSE,6/2/15,exact,2015,"Staffin Island, Skye.",Highland,Highland,Scotland,NG 493 688,149300,868800,57.63944444,-6.201944444,U,N/A,TRUE,live stranded,alive- refloated (code 1),FALSE,,,,,SW2015/181
Cetacean,Multiple,6,SW2015/553.1,Delphinus delphis,Short-beaked common dolphin,FALSE,7/17/15,exact,2015,Mylor harbour,Cornwall,South-west,England,SW 820 353,182000,35300,50.17805556,-5.053888889,U,N/A,TRUE,live stranded,alive- refloated (code 1),FALSE,,,,,SW2015/553
Cetacean,Multiple,6,SW2015/553.2,Delphinus delphis,Short-beaked common dolphin,FALSE,7/17/15,exact,2015,Mylor harbour,Cornwall,South-west,England,SW 820 353,182000,35300,50.17805556,-5.053888889,U,N/A,TRUE,live stranded,alive- refloated (code 1),FALSE,,,,,SW2015/553
Cetacean,Multiple,6,SW2015/553.3,Delphinus delphis,Short-beaked common dolphin,FALSE,7/17/15,exact,2015,Mylor harbour,Cornwall,South-west,England,SW 820 353,182000,35300,50.17805556,-5.053888889,U,N/A,TRUE,live stranded,alive- refloated (code 1),FALSE,,,,,SW2015/553
Cetacean,Multiple,6,SW2015/553.4,Delphinus delphis,Short-beaked common dolphin,FALSE,7/17/15,exact,2015,Mylor harbour,Cornwall,South-west,England,SW 820 353,182000,35300,50.17805556,-5.053888889,U,N/A,TRUE,live stranded,alive- refloated (code 1),FALSE,,,,,SW2015/553
Cetacean,Multiple,6,SW2015/553.5,Delphinus delphis,Short-beaked common dolphin,FALSE,7/17/15,exact,2015,Mylor harbour,Cornwall,South-west,England,SW 820 353,182000,35300,50.17805556,-5.053888889,U,N/A,TRUE,live stranded,alive- refloated (code 1),FALSE,,,,,SW2015/553
Cetacean,Multiple,6,SW2015/553.6,Delphinus delphis,Short-beaked common dolphin,FALSE,7/17/15,exact,2015,Mylor harbour,Cornwall,South-west,England,SW 820 353,182000,35300,50.17805556,-5.053888889,U,N/A,TRUE,live stranded,alive- refloated (code 1),FALSE,,,,,SW2015/553